"","X","ppid","targetoccurence","targetnumber","trialn","CurrentAudio","RT","ResponseCategory","Target1","Target2","Target3"
"1",0,3,0.8,2,0,"o",1.03268443801294,1,"o","b",""
"2",1,3,0.8,2,0,"b",-1,2,"o","b",""
"3",2,3,0.8,2,0,"b",0.782028886814146,1,"o","b",""
"4",3,3,0.8,2,0,"b",0.515419451646174,1,"o","b",""
"5",4,3,0.8,2,0,"h",-1,4,"o","b",""
"6",5,3,0.8,2,0,"b",0.598803270043629,1,"o","b",""
"7",6,3,0.8,2,0,"o",1.21541441068611,1,"o","b",""
"8",7,3,0.8,2,0,"o",0.748895290203848,1,"o","b",""
"9",8,3,0.8,2,0,"o",-1,2,"o","b",""
"10",9,3,0.8,2,0,"b",1.21547508331922,1,"o","b",""
"11",10,3,0.8,2,0,"b",1.14888551013761,1,"o","b",""
"12",11,3,0.8,2,0,"b",0.932004089516582,1,"o","b",""
"13",12,3,0.8,2,0,"o",0.982162849573221,1,"o","b",""
"14",14,3,0.2,3,1,"m",-1,4,"b","o","z"
"15",15,3,0.2,3,1,"j",-1,4,"b","o","z"
"16",16,3,0.2,3,1,"t",-1,4,"b","o","z"
"17",17,3,0.2,3,1,"h",-1,4,"b","o","z"
"18",18,3,0.2,3,1,"a",-1,4,"b","o","z"
"19",19,3,0.2,3,1,"f",-1,4,"b","o","z"
"20",20,3,0.2,3,1,"h",-1,4,"b","o","z"
"21",21,3,0.2,3,1,"y",-1,4,"b","o","z"
"22",22,3,0.2,3,1,"f",-1,4,"b","o","z"
"23",23,3,0.2,3,1,"a",-1,4,"b","o","z"
"24",24,3,0.2,3,1,"m",-1,4,"b","o","z"
"25",25,3,0.2,3,1,"k",-1,4,"b","o","z"
"26",26,3,0.2,3,1,"a",-1,4,"b","o","z"
"27",28,3,0.2,1,2,"h",-1,4,"b","",""
"28",29,3,0.2,1,2,"b",0.698911907260822,1,"b","",""
"29",30,3,0.2,1,2,"n",-1,4,"b","",""
"30",31,3,0.2,1,2,"k",-1,4,"b","",""
"31",32,3,0.2,1,2,"b",0.498807224329653,1,"b","",""
"32",33,3,0.2,1,2,"t",-1,4,"b","",""
"33",34,3,0.2,1,2,"b",0.832159272604557,1,"b","",""
"34",35,3,0.2,1,2,"s",-1,4,"b","",""
"35",36,3,0.2,1,2,"b",0.598958422946211,1,"b","",""
"36",37,3,0.2,1,2,"i",-1,4,"b","",""
"37",38,3,0.2,1,2,"b",0.448875760256769,1,"b","",""
"38",39,3,0.2,1,2,"r",-1,4,"b","",""
"39",40,3,0.2,1,2,"k",-1,4,"b","",""
"40",42,3,0.6,2,3,"b",0.899708439321785,1,"b","z",""
"41",43,3,0.6,2,3,"t",-1,4,"b","z",""
"42",44,3,0.6,2,3,"n",-1,4,"b","z",""
"43",45,3,0.6,2,3,"n",-1,4,"b","z",""
"44",46,3,0.6,2,3,"z",1.28206133610797,1,"b","z",""
"45",47,3,0.6,2,3,"a",-1,4,"b","z",""
"46",48,3,0.6,2,3,"b",0.682093815587194,1,"b","z",""
"47",49,3,0.6,2,3,"b",0.715640348327298,1,"b","z",""
"48",50,3,0.6,2,3,"z",1.04881068055678,1,"b","z",""
"49",51,3,0.6,2,3,"b",0.948811918157759,1,"b","z",""
"50",52,3,0.6,2,3,"r",-1,4,"b","z",""
"51",53,3,0.6,2,3,"i",-1,4,"b","z",""
"52",54,3,0.6,2,3,"a",-1,4,"b","z",""
"53",56,3,0.2,1,4,"y",-1,4,"b","",""
"54",57,3,0.2,1,4,"n",-1,4,"b","",""
"55",58,3,0.2,1,4,"b",0.965444671539188,1,"b","",""
"56",59,3,0.2,1,4,"n",-1,4,"b","",""
"57",60,3,0.2,1,4,"f",-1,4,"b","",""
"58",61,3,0.2,1,4,"r",-1,4,"b","",""
"59",62,3,0.2,1,4,"b",0.715557942213678,1,"b","",""
"60",63,3,0.2,1,4,"s",-1,4,"b","",""
"61",64,3,0.2,1,4,"f",-1,4,"b","",""
"62",65,3,0.2,1,4,"s",-1,4,"b","",""
"63",66,3,0.2,1,4,"t",-1,4,"b","",""
"64",67,3,0.2,1,4,"b",0.798751894510502,1,"b","",""
"65",69,3,0.2,3,5,"y",-1,4,"z","b","o"
"66",70,3,0.2,3,5,"h",-1,4,"z","b","o"
"67",71,3,0.2,3,5,"t",-1,4,"z","b","o"
"68",72,3,0.2,3,5,"n",-1,4,"z","b","o"
"69",73,3,0.2,3,5,"z",1.03216041964936,1,"z","b","o"
"70",74,3,0.2,3,5,"y",-1,4,"z","b","o"
"71",75,3,0.2,3,5,"i",-1,4,"z","b","o"
"72",76,3,0.2,3,5,"n",-1,4,"z","b","o"
"73",77,3,0.2,3,5,"t",-1,4,"z","b","o"
"74",78,3,0.2,3,5,"b",0.782201547242693,1,"z","b","o"
"75",79,3,0.2,3,5,"j",-1,4,"z","b","o"
"76",80,3,0.2,3,5,"i",-1,4,"z","b","o"
"77",81,3,0.2,3,5,"i",-1,4,"z","b","o"
"78",83,3,0.2,3,6,"r",-1,4,"b","o","z"
"79",84,3,0.2,3,6,"i",-1,4,"b","o","z"
"80",85,3,0.2,3,6,"t",-1,4,"b","o","z"
"81",86,3,0.2,3,6,"j",-1,4,"b","o","z"
"82",87,3,0.2,3,6,"j",-1,4,"b","o","z"
"83",88,3,0.2,3,6,"z",0.898774201513419,1,"b","o","z"
"84",89,3,0.2,3,6,"h",-1,4,"b","o","z"
"85",90,3,0.2,3,6,"r",-1,4,"b","o","z"
"86",91,3,0.2,3,6,"n",-1,4,"b","o","z"
"87",92,3,0.2,3,6,"o",1.19886859122673,1,"b","o","z"
"88",93,3,0.2,3,6,"s",-1,4,"b","o","z"
"89",94,3,0.2,3,6,"h",-1,4,"b","o","z"
"90",96,3,0.8,2,7,"o",0.933155058422301,1,"z","o",""
"91",97,3,0.8,2,7,"z",0.982166169966092,1,"z","o",""
"92",98,3,0.8,2,7,"o",0.898752769886812,1,"z","o",""
"93",99,3,0.8,2,7,"o",0.815462224343236,1,"z","o",""
"94",100,3,0.8,2,7,"o",0.848868093167823,1,"z","o",""
"95",101,3,0.8,2,7,"z",0.982248576079684,1,"z","o",""
"96",102,3,0.8,2,7,"z",0.882043647469658,1,"z","o",""
"97",103,3,0.8,2,7,"o",0.898868078075111,1,"z","o",""
"98",104,3,0.8,2,7,"z",0.998814619750078,1,"z","o",""
"99",105,3,0.8,2,7,"o",1.01553370334585,1,"z","o",""
"100",106,3,0.8,2,7,"z",1.26540473626869,1,"z","o",""
"101",107,3,0.8,2,7,"z",0.965496288555471,1,"z","o",""
"102",109,3,0.6,1,8,"z",0.749807492677803,1,"z","",""
"103",110,3,0.6,1,8,"z",0.448788222626888,1,"z","",""
"104",111,3,0.6,1,8,"m",-1,4,"z","",""
"105",112,3,0.6,1,8,"j",-1,4,"z","",""
"106",113,3,0.6,1,8,"z",0.732237784802976,1,"z","",""
"107",114,3,0.6,1,8,"j",-1,4,"z","",""
"108",115,3,0.6,1,8,"m",-1,4,"z","",""
"109",116,3,0.6,1,8,"h",-1,4,"z","",""
"110",117,3,0.6,1,8,"k",-1,4,"z","",""
"111",118,3,0.6,1,8,"n",-1,4,"z","",""
"112",119,3,0.6,1,8,"i",-1,4,"z","",""
"113",120,3,0.6,1,8,"z",0.782181624885538,1,"z","",""
"114",121,3,0.6,1,8,"z",0.732224805085423,1,"z","",""
"115",123,3,0.4,2,9,"k",-1,4,"z","o",""
"116",124,3,0.4,2,9,"r",-1,4,"z","o",""
"117",125,3,0.4,2,9,"n",-1,4,"z","o",""
"118",126,3,0.4,2,9,"k",-1,4,"z","o",""
"119",127,3,0.4,2,9,"t",-1,4,"z","o",""
"120",128,3,0.4,2,9,"y",-1,4,"z","o",""
"121",129,3,0.4,2,9,"o",0.78226584212257,1,"z","o",""
"122",130,3,0.4,2,9,"z",0.982246764956301,1,"z","o",""
"123",131,3,0.4,2,9,"o",0.865473377844751,1,"z","o",""
"124",132,3,0.4,2,9,"a",-1,4,"z","o",""
"125",133,3,0.4,2,9,"j",-1,4,"z","o",""
"126",134,3,0.4,2,9,"f",-1,4,"z","o",""
"127",135,3,0.4,2,9,"s",-1,4,"z","o",""
"128",137,3,0.6,2,10,"n",-1,4,"z","o",""
"129",138,3,0.6,2,10,"z",-1,2,"z","o",""
"130",139,3,0.6,2,10,"z",0.782157778427802,1,"z","o",""
"131",140,3,0.6,2,10,"o",1.0488861440308,1,"z","o",""
"132",141,3,0.6,2,10,"t",-1,4,"z","o",""
"133",142,3,0.6,2,10,"o",0.948781129060364,1,"z","o",""
"134",143,3,0.6,2,10,"i",-1,4,"z","o",""
"135",144,3,0.6,2,10,"n",-1,4,"z","o",""
"136",145,3,0.6,2,10,"o",1.14415093177769,1,"z","o",""
"137",146,3,0.6,2,10,"k",-1,4,"z","o",""
"138",147,3,0.6,2,10,"y",-1,4,"z","o",""
"139",148,3,0.6,2,10,"j",-1,4,"z","o",""
"140",149,3,0.6,2,10,"z",0.898814951789404,1,"z","o",""
"141",151,3,0.2,1,11,"j",-1,4,"z","",""
"142",152,3,0.2,1,11,"r",-1,4,"z","",""
"143",153,3,0.2,1,11,"s",-1,4,"z","",""
"144",154,3,0.2,1,11,"t",-1,4,"z","",""
"145",155,3,0.2,1,11,"s",-1,4,"z","",""
"146",156,3,0.2,1,11,"z",0.682251383320931,1,"z","",""
"147",157,3,0.2,1,11,"k",-1,4,"z","",""
"148",158,3,0.2,1,11,"z",0.665618629939445,1,"z","",""
"149",159,3,0.2,1,11,"z",0.648755863889221,1,"z","",""
"150",160,3,0.2,1,11,"j",-1,4,"z","",""
"151",161,3,0.2,1,11,"h",-1,4,"z","",""
"152",162,3,0.2,1,11,"k",-1,4,"z","",""
"153",163,3,0.2,1,11,"s",-1,4,"z","",""
"154",165,3,0.8,3,12,"b",0.833114338331711,1,"z","o","b"
"155",166,3,0.8,3,12,"b",0.765499065611266,1,"z","o","b"
"156",167,3,0.8,3,12,"b",0.732286986988015,1,"z","o","b"
"157",168,3,0.8,3,12,"o",-1,2,"z","o","b"
"158",169,3,0.8,3,12,"b",0.698946016751108,1,"z","o","b"
"159",170,3,0.8,3,12,"o",0.765503895273639,1,"z","o","b"
"160",171,3,0.8,3,12,"b",0.948825803436989,1,"z","o","b"
"161",172,3,0.8,3,12,"o",0.69867947976087,1,"z","o","b"
"162",173,3,0.8,3,12,"i",-1,4,"z","o","b"
"163",174,3,0.8,3,12,"o",0.782220262184296,1,"z","o","b"
"164",175,3,0.8,3,12,"t",-1,4,"z","o","b"
"165",176,3,0.8,3,12,"o",0.132260906811325,1,"z","o","b"
"166",177,3,0.8,3,12,"z",0.582201909467358,1,"z","o","b"
"167",179,3,0.4,2,13,"z",1.06655244515241,1,"b","z",""
"168",180,3,0.4,2,13,"f",-1,4,"b","z",""
"169",181,3,0.4,2,13,"z",0.782187661963462,1,"b","z",""
"170",182,3,0.4,2,13,"j",-1,4,"b","z",""
"171",183,3,0.4,2,13,"n",-1,4,"b","z",""
"172",184,3,0.4,2,13,"h",-1,4,"b","z",""
"173",185,3,0.4,2,13,"s",-1,4,"b","z",""
"174",186,3,0.4,2,13,"i",-1,4,"b","z",""
"175",187,3,0.4,2,13,"b",0.882210874528084,1,"b","z",""
"176",188,3,0.4,2,13,"z",-1,2,"b","z",""
"177",189,3,0.4,2,13,"s",-1,4,"b","z",""
"178",190,3,0.4,2,13,"n",-1,4,"b","z",""
"179",191,3,0.4,2,13,"m",-1,4,"b","z",""
"180",193,3,0.4,1,14,"h",-1,4,"o","",""
"181",194,3,0.4,1,14,"h",-1,4,"o","",""
"182",195,3,0.4,1,14,"h",-1,4,"o","",""
"183",196,3,0.4,1,14,"s",-1,4,"o","",""
"184",197,3,0.4,1,14,"m",-1,4,"o","",""
"185",198,3,0.4,1,14,"o",0.848830663284673,1,"o","",""
"186",199,3,0.4,1,14,"o",0.73215386941979,1,"o","",""
"187",200,3,0.4,1,14,"m",-1,4,"o","",""
"188",201,3,0.4,1,14,"n",-1,4,"o","",""
"189",202,3,0.4,1,14,"t",-1,4,"o","",""
"190",203,3,0.4,1,14,"r",-1,4,"o","",""
"191",204,3,0.4,1,14,"j",-1,4,"o","",""
"192",206,3,0.6,3,15,"f",-1,4,"b","z","o"
"193",207,3,0.6,3,15,"z",1.53213038518669,1,"b","z","o"
"194",208,3,0.6,3,15,"z",0.832127276091626,1,"b","z","o"
"195",209,3,0.6,3,15,"m",-1,4,"b","z","o"
"196",210,3,0.6,3,15,"b",0.732100743134083,1,"b","z","o"
"197",211,3,0.6,3,15,"k",-1,4,"b","z","o"
"198",212,3,0.6,3,15,"j",-1,4,"b","z","o"
"199",213,3,0.6,3,15,"f",-1,4,"b","z","o"
"200",214,3,0.6,3,15,"k",-1,4,"b","z","o"
"201",215,3,0.6,3,15,"z",1.31534797264362,1,"b","z","o"
"202",216,3,0.6,3,15,"h",-1,4,"b","z","o"
"203",217,3,0.6,3,15,"s",-1,4,"b","z","o"
"204",219,3,0.6,2,16,"o",1.0663972922498,1,"b","o",""
"205",220,3,0.6,2,16,"b",0.932087401191893,1,"b","o",""
"206",221,3,0.6,2,16,"j",-1,4,"b","o",""
"207",222,3,0.6,2,16,"b",0.565411890206065,1,"b","o",""
"208",223,3,0.6,2,16,"n",-1,4,"b","o",""
"209",224,3,0.6,2,16,"b",0.698716909643963,1,"b","o",""
"210",225,3,0.6,2,16,"b",0.748889856833671,1,"b","o",""
"211",226,3,0.6,2,16,"o",1.11036050108953,1,"b","o",""
"212",227,3,0.6,2,16,"b",1.21539448832891,1,"b","o",""
"213",228,3,0.6,2,16,"b",1.01547876593679,1,"b","o",""
"214",229,3,0.6,2,16,"m",-1,4,"b","o",""
"215",230,3,0.6,2,16,"o",0.832161989289602,1,"b","o",""
"216",231,3,0.6,2,16,"j",-1,4,"b","o",""
"217",233,3,0.2,2,17,"h",-1,4,"b","o",""
"218",234,3,0.2,2,17,"i",-1,4,"b","o",""
"219",235,3,0.2,2,17,"r",-1,4,"b","o",""
"220",236,3,0.2,2,17,"b",0.648887472187994,1,"b","o",""
"221",237,3,0.2,2,17,"k",-1,4,"b","o",""
"222",238,3,0.2,2,17,"t",-1,4,"b","o",""
"223",239,3,0.2,2,17,"t",-1,4,"b","o",""
"224",240,3,0.2,2,17,"f",-1,4,"b","o",""
"225",241,3,0.2,2,17,"t",-1,4,"b","o",""
"226",242,3,0.2,2,17,"t",-1,4,"b","o",""
"227",243,3,0.2,2,17,"y",-1,4,"b","o",""
"228",244,3,0.2,2,17,"i",-1,4,"b","o",""
"229",245,3,0.2,2,17,"y",-1,4,"b","o",""
"230",247,3,0.2,2,18,"n",-1,4,"b","o",""
"231",248,3,0.2,2,18,"s",-1,4,"b","o",""
"232",249,3,0.2,2,18,"r",-1,4,"b","o",""
"233",250,3,0.2,2,18,"o",0.732154473127594,1,"b","o",""
"234",251,3,0.2,2,18,"h",-1,4,"b","o",""
"235",252,3,0.2,2,18,"b",0.615389537925012,1,"b","o",""
"236",253,3,0.2,2,18,"a",-1,4,"b","o",""
"237",254,3,0.2,2,18,"a",-1,4,"b","o",""
"238",255,3,0.2,2,18,"o",1.08201551468653,1,"b","o",""
"239",256,3,0.2,2,18,"y",-1,4,"b","o",""
"240",257,3,0.2,2,18,"h",-1,4,"b","o",""
"241",258,3,0.2,2,18,"h",-1,4,"b","o",""
"242",259,3,0.2,2,18,"b",0.615392254610128,1,"b","o",""
"243",261,3,0.6,1,19,"a",-1,4,"b","",""
"244",262,3,0.6,1,19,"b",1.39876439126181,1,"b","",""
"245",263,3,0.6,1,19,"b",0.665451402881104,1,"b","",""
"246",264,3,0.6,1,19,"b",0.41547140070179,1,"b","",""
"247",265,3,0.6,1,19,"r",-1,4,"b","",""
"248",266,3,0.6,1,19,"a",-1,4,"b","",""
"249",267,3,0.6,1,19,"b",0.448817502454744,1,"b","",""
"250",268,3,0.6,1,19,"k",-1,4,"b","",""
"251",269,3,0.6,1,19,"r",-1,4,"b","",""
"252",270,3,0.6,1,19,"f",-1,4,"b","",""
"253",271,3,0.6,1,19,"b",0.448822633971076,1,"b","",""
"254",272,3,0.6,1,19,"k",-1,4,"b","",""
"255",273,3,0.6,1,19,"b",0.698634503530343,1,"b","",""
"256",275,3,0.4,2,20,"s",-1,4,"o","b",""
"257",276,3,0.4,2,20,"b",0.915468231235764,1,"o","b",""
"258",277,3,0.4,2,20,"o",-1,2,"o","b",""
"259",278,3,0.4,2,20,"o",0.765472804322258,1,"o","b",""
"260",279,3,0.4,2,20,"m",-1,4,"o","b",""
"261",280,3,0.4,2,20,"b",0.6320995659039,1,"o","b",""
"262",281,3,0.4,2,20,"y",-1,4,"o","b",""
"263",282,3,0.4,2,20,"i",-1,4,"o","b",""
"264",283,3,0.4,2,20,"y",-1,4,"o","b",""
"265",284,3,0.4,2,20,"a",-1,4,"o","b",""
"266",285,3,0.4,2,20,"f",-1,4,"o","b",""
"267",286,3,0.4,2,20,"j",-1,4,"o","b",""
"268",287,3,0.4,2,20,"s",-1,4,"o","b",""
"269",289,3,0.4,1,21,"j",-1,4,"b","",""
"270",290,3,0.4,1,21,"m",-1,4,"b","",""
"271",291,3,0.4,1,21,"k",-1,4,"b","",""
"272",292,3,0.4,1,21,"b",0.948844820232466,1,"b","",""
"273",293,3,0.4,1,21,"b",1.03203333915917,1,"b","",""
"274",294,3,0.4,1,21,"h",-1,4,"b","",""
"275",295,3,0.4,1,21,"m",-1,4,"b","",""
"276",296,3,0.4,1,21,"m",-1,4,"b","",""
"277",297,3,0.4,1,21,"k",-1,4,"b","",""
"278",298,3,0.4,1,21,"f",-1,4,"b","",""
"279",299,3,0.4,1,21,"b",0.765539514033321,1,"b","",""
"280",300,3,0.4,1,21,"b",0.765493934095048,1,"b","",""
"281",301,3,0.4,1,21,"j",-1,4,"b","",""
"282",303,3,0.8,3,22,"o",-1,2,"o","b","z"
"283",304,3,0.8,3,22,"z",1.19868446035014,1,"o","b","z"
"284",305,3,0.8,3,22,"z",1.04877928775159,1,"o","b","z"
"285",306,3,0.8,3,22,"o",0.848686980830166,1,"o","b","z"
"286",307,3,0.8,3,22,"z",0.615443569772424,1,"o","b","z"
"287",308,3,0.8,3,22,"o",0.698721739306279,1,"o","b","z"
"288",309,3,0.8,3,22,"z",0.648643272385925,1,"o","b","z"
"289",310,3,0.8,3,22,"o",0.815495428271788,1,"o","b","z"
"290",311,3,0.8,3,22,"o",0.527161870057284,1,"o","b","z"
"291",312,3,0.8,3,22,"z",0.848718373635393,1,"o","b","z"
"292",313,3,0.8,3,22,"z",0.632123412361693,1,"o","b","z"
"293",314,3,0.8,3,22,"z",0.848645928700307,1,"o","b","z"
"294",315,3,0.8,3,22,"z",0.615489149710811,1,"o","b","z"
"295",317,3,0.8,1,23,"b",0.633232423575919,1,"b","",""
"296",318,3,0.8,1,23,"b",0.432243006875296,1,"b","",""
"297",319,3,0.8,1,23,"b",0.348731806133742,1,"b","",""
"298",320,3,0.8,1,23,"b",1.33216395133991,1,"b","",""
"299",321,3,0.8,1,23,"b",-1,2,"b","",""
"300",322,3,0.8,1,23,"r",-1,4,"b","",""
"301",323,3,0.8,1,23,"b",0.615411271405605,1,"b","",""
"302",324,3,0.8,1,23,"b",0.532168418777587,1,"b","",""
"303",325,3,0.8,1,23,"b",0.332163347632104,1,"b","",""
"304",326,3,0.8,1,23,"b",0.332137690051013,1,"b","",""
"305",327,3,0.8,1,23,"r",0.432127094979251,3,"b","",""
"306",328,3,0.8,1,23,"b",0.532153024228933,1,"b","",""
"307",329,3,0.8,1,23,"b",-1,2,"b","",""
"308",330,3,0.8,1,23,"h",0.0487391411834324,3,"b","",""
"309",332,3,0.6,1,24,"t",-1,4,"z","",""
"310",333,3,0.6,1,24,"s",-1,4,"z","",""
"311",334,3,0.6,1,24,"t",-1,4,"z","",""
"312",335,3,0.6,1,24,"f",-1,4,"z","",""
"313",336,3,0.6,1,24,"t",-1,4,"z","",""
"314",337,3,0.6,1,24,"z",0.78205665737255,1,"z","",""
"315",338,3,0.6,1,24,"z",0.682077213622847,1,"z","",""
"316",339,3,0.6,1,24,"z",0.498685879063487,1,"z","",""
"317",340,3,0.6,1,24,"z",0.582106221782396,1,"z","",""
"318",341,3,0.6,1,24,"z",0.498729346024447,1,"z","",""
"319",342,3,0.6,1,24,"t",-1,4,"z","",""
"320",343,3,0.6,1,24,"z",0.632404438338995,1,"z","",""
"321",344,3,0.6,1,24,"k",-1,4,"z","",""
"322",346,3,0.4,3,25,"o",1.1998318070091,1,"o","z","b"
"323",347,3,0.4,3,25,"r",-1,4,"o","z","b"
"324",348,3,0.4,3,25,"r",-1,4,"o","z","b"
"325",349,3,0.4,3,25,"k",-1,4,"o","z","b"
"326",350,3,0.4,3,25,"h",-1,4,"o","z","b"
"327",351,3,0.4,3,25,"z",0.782225695554303,1,"o","z","b"
"328",352,3,0.4,3,25,"b",1.03205567634745,1,"o","z","b"
"329",353,3,0.4,3,25,"i",-1,4,"o","z","b"
"330",354,3,0.4,3,25,"b",0.832268845568819,1,"o","z","b"
"331",355,3,0.4,3,25,"b",0.582207946545282,1,"o","z","b"
"332",356,3,0.4,3,25,"k",-1,4,"o","z","b"
"333",357,3,0.4,3,25,"n",-1,4,"o","z","b"
"334",359,3,0.6,3,26,"o",0.933240784928898,1,"b","o","z"
"335",360,3,0.6,3,26,"z",1.0488632031346,1,"b","o","z"
"336",361,3,0.6,3,26,"t",-1,4,"b","o","z"
"337",362,3,0.6,3,26,"z",0.732133041501015,1,"b","o","z"
"338",363,3,0.6,3,26,"z",0.815505993158126,1,"b","o","z"
"339",364,3,0.6,3,26,"o",0.96545282159434,1,"b","o","z"
"340",365,3,0.6,3,26,"r",-1,4,"b","o","z"
"341",366,3,0.6,3,26,"o",1.03216313633447,1,"b","o","z"
"342",367,3,0.6,3,26,"y",-1,4,"b","o","z"
"343",368,3,0.6,3,26,"h",-1,4,"b","o","z"
"344",369,3,0.6,3,26,"z",0.915453138541011,1,"b","o","z"
"345",370,3,0.6,3,26,"z",0.932048763893249,1,"b","o","z"
"346",372,3,0.8,2,27,"b",0.766529896666384,1,"o","b",""
"347",373,3,0.8,2,27,"o",1.01550291424837,1,"o","b",""
"348",374,3,0.8,2,27,"b",0.798763364958518,1,"o","b",""
"349",375,3,0.8,2,27,"b",0.553921217944207,1,"o","b",""
"350",376,3,0.8,2,27,"b",0.460367036226444,1,"o","b",""
"351",377,3,0.8,2,27,"b",0.44863186230873,1,"o","b",""
"352",378,3,0.8,2,27,"b",0.398812084177393,1,"o","b",""
"353",379,3,0.8,2,27,"b",0.482025355123483,1,"o","b",""
"354",380,3,0.8,2,27,"o",0.865508694750474,1,"o","b",""
"355",381,3,0.8,2,27,"b",0.798603986101398,1,"o","b",""
"356",382,3,0.8,2,27,"b",0.548812340753216,1,"o","b",""
"357",383,3,0.8,2,27,"s",-1,4,"o","b",""
"358",385,3,0.8,1,28,"o",0.683179282197443,1,"o","",""
"359",386,3,0.8,1,28,"o",0.465420372300514,1,"o","",""
"360",387,3,0.8,1,28,"o",0.365519712417836,1,"o","",""
"361",388,3,0.8,1,28,"i",-1,4,"o","",""
"362",389,3,0.8,1,28,"o",0.565592398835861,1,"o","",""
"363",390,3,0.8,1,28,"o",0.582087204986919,1,"o","",""
"364",391,3,0.8,1,28,"o",0.515571284155953,1,"o","",""
"365",392,3,0.8,1,28,"y",-1,4,"o","",""
"366",393,3,0.8,1,28,"o",0.515433940633102,1,"o","",""
"367",394,3,0.8,1,28,"o",0.415479852610815,1,"o","",""
"368",395,3,0.8,1,28,"o",0.398852834453351,1,"o","",""
"369",396,3,0.8,1,28,"o",0.315505238523428,1,"o","",""
"370",398,3,0.8,3,29,"b",0.699758305585419,1,"z","b","o"
"371",399,3,0.8,3,29,"o",1.11540115930006,1,"z","b","o"
"372",400,3,0.8,3,29,"f",-1,4,"z","b","o"
"373",401,3,0.8,3,29,"b",0.682221801639116,1,"z","b","o"
"374",402,3,0.8,3,29,"z",1.01556992581334,1,"z","b","o"
"375",403,3,0.8,3,29,"a",-1,4,"z","b","o"
"376",404,3,0.8,3,29,"b",0.782147515395309,1,"z","b","o"
"377",405,3,0.8,3,29,"o",0.882016480618972,1,"z","b","o"
"378",406,3,0.8,3,29,"o",1.18202906792646,1,"z","b","o"
"379",407,3,0.8,3,29,"o",0.71557363861632,1,"z","b","o"
"380",408,3,0.8,3,29,"z",0.99857857000336,1,"z","b","o"
"381",409,3,0.8,3,29,"o",-1,2,"z","b","o"
"382",410,3,0.8,3,29,"o",0.815374686713426,1,"z","b","o"
"383",412,3,0.4,1,30,"b",0.716601149278517,1,"b","",""
"384",413,3,0.4,1,30,"i",-1,4,"b","",""
"385",414,3,0.4,1,30,"i",-1,4,"b","",""
"386",415,3,0.4,1,30,"m",-1,4,"b","",""
"387",416,3,0.4,1,30,"h",-1,4,"b","",""
"388",417,3,0.4,1,30,"j",-1,4,"b","",""
"389",418,3,0.4,1,30,"b",0.532183813326242,1,"b","",""
"390",419,3,0.4,1,30,"m",-1,4,"b","",""
"391",420,3,0.4,1,30,"b",0.982071689696568,1,"b","",""
"392",421,3,0.4,1,30,"f",-1,4,"b","",""
"393",422,3,0.4,1,30,"b",0.63220913886812,1,"b","",""
"394",423,3,0.4,1,30,"b",0.498903515722532,1,"b","",""
"395",425,3,0.6,3,31,"a",-1,4,"o","z","b"
"396",426,3,0.6,3,31,"z",0.965463990188596,1,"o","z","b"
"397",427,3,0.6,3,31,"m",-1,4,"o","z","b"
"398",428,3,0.6,3,31,"k",-1,4,"o","z","b"
"399",429,3,0.6,3,31,"o",1.24878888670548,1,"o","z","b"
"400",430,3,0.6,3,31,"b",1.08204268153713,1,"o","z","b"
"401",431,3,0.6,3,31,"z",0.915461288596248,1,"o","z","b"
"402",432,3,0.6,3,31,"h",-1,4,"o","z","b"
"403",433,3,0.6,3,31,"o",0.748736213200573,1,"o","z","b"
"404",434,3,0.6,3,31,"f",-1,4,"o","z","b"
"405",435,3,0.6,3,31,"z",1.13212175216529,1,"o","z","b"
"406",437,3,0.4,3,32,"z",0.81622108503791,1,"b","o","z"
"407",438,3,0.4,3,32,"z",0.582246583843926,1,"b","o","z"
"408",439,3,0.4,3,32,"n",-1,4,"b","o","z"
"409",440,3,0.4,3,32,"z",0.582113768129716,1,"b","o","z"
"410",441,3,0.4,3,32,"j",-1,4,"b","o","z"
"411",442,3,0.4,3,32,"o",0.748949623905219,1,"b","o","z"
"412",443,3,0.4,3,32,"y",-1,4,"b","o","z"
"413",444,3,0.4,3,32,"k",-1,4,"b","o","z"
"414",445,3,0.4,3,32,"z",0.76548880257883,1,"b","o","z"
"415",446,3,0.4,3,32,"a",-1,4,"b","o","z"
"416",447,3,0.4,3,32,"y",-1,4,"b","o","z"
"417",448,3,0.4,3,32,"o",0.782186756401757,1,"b","o","z"
"418",450,3,0.2,2,33,"m",-1,4,"z","b",""
"419",451,3,0.2,2,33,"i",-1,4,"z","b",""
"420",452,3,0.2,2,33,"j",-1,4,"z","b",""
"421",453,3,0.2,2,33,"y",-1,4,"z","b",""
"422",454,3,0.2,2,33,"m",-1,4,"z","b",""
"423",455,3,0.2,2,33,"s",-1,4,"z","b",""
"424",456,3,0.2,2,33,"h",-1,4,"z","b",""
"425",457,3,0.2,2,33,"a",-1,4,"z","b",""
"426",458,3,0.2,2,33,"s",-1,4,"z","b",""
"427",459,3,0.2,2,33,"s",-1,4,"z","b",""
"428",460,3,0.2,2,33,"m",-1,4,"z","b",""
"429",461,3,0.2,2,33,"h",-1,4,"z","b",""
"430",462,3,0.2,2,33,"i",-1,4,"z","b",""
"431",464,3,0.4,3,34,"t",-1,4,"b","z","o"
"432",465,3,0.4,3,34,"z",1.08209973192356,1,"b","z","o"
"433",466,3,0.4,3,34,"o",1.08213987849172,1,"b","z","o"
"434",467,3,0.4,3,34,"k",-1,4,"b","z","o"
"435",468,3,0.4,3,34,"z",0.748686105453771,1,"b","z","o"
"436",469,3,0.4,3,34,"b",1.18212535931934,1,"b","z","o"
"437",470,3,0.4,3,34,"t",-1,4,"b","z","o"
"438",471,3,0.4,3,34,"a",-1,4,"b","z","o"
"439",472,3,0.4,3,34,"b",0.78212276337581,1,"b","z","o"
"440",473,3,0.4,3,34,"b",0.565421549530811,1,"b","z","o"
"441",474,3,0.4,3,34,"y",-1,4,"b","z","o"
"442",475,3,0.4,3,34,"n",-1,4,"b","z","o"
"443",476,3,0.4,3,34,"f",-1,4,"b","z","o"
"444",478,3,0.8,1,35,"i",-1,4,"z","",""
"445",479,3,0.8,1,35,"z",0.799074878179454,1,"z","",""
"446",480,3,0.8,1,35,"z",0.515497933659162,1,"z","",""
"447",481,3,0.8,1,35,"z",0.448871232448255,1,"z","",""
"448",482,3,0.8,1,35,"k",-1,4,"z","",""
"449",483,3,0.8,1,35,"z",0.682133056593784,1,"z","",""
"450",484,3,0.8,1,35,"z",0.59856601288152,1,"z","",""
"451",485,3,0.8,1,35,"z",0.698667103751177,1,"z","",""
"452",486,3,0.8,1,35,"z",0.648831327363268,1,"z","",""
"453",487,3,0.8,1,35,"z",0.448732983363925,1,"z","",""
"454",488,3,0.8,1,35,"z",0.665432989793317,1,"z","",""
"455",489,3,0.8,1,35,"z",0.49878820753429,1,"z","",""
"456",0,2,0.2,1,0,"o",0.649696742483307,1,"o","",""
"457",1,2,0.2,1,0,"t",-1,4,"o","",""
"458",2,2,0.2,1,0,"f",-1,4,"o","",""
"459",3,2,0.2,1,0,"h",-1,4,"o","",""
"460",4,2,0.2,1,0,"t",-1,4,"o","",""
"461",5,2,0.2,1,0,"o",0.682181655070949,1,"o","",""
"462",6,2,0.2,1,0,"i",-1,4,"o","",""
"463",7,2,0.2,1,0,"n",-1,4,"o","",""
"464",8,2,0.2,1,0,"r",-1,4,"o","",""
"465",9,2,0.2,1,0,"h",-1,4,"o","",""
"466",10,2,0.2,1,0,"r",-1,4,"o","",""
"467",11,2,0.2,1,0,"o",0.615592987451031,1,"o","",""
"468",13,2,0.8,1,1,"z",0.833105584568756,1,"z","",""
"469",14,2,0.8,1,1,"z",0.782202150950496,1,"z","",""
"470",15,2,0.8,1,1,"z",0.748809261843462,1,"z","",""
"471",16,2,0.8,1,1,"z",0.798762157542981,1,"z","",""
"472",17,2,0.8,1,1,"i",-1,4,"z","",""
"473",18,2,0.8,1,1,"z",0.715448067395528,1,"z","",""
"474",19,2,0.8,1,1,"z",0.598907107783873,1,"z","",""
"475",20,2,0.8,1,1,"z",0.848737994138602,1,"z","",""
"476",21,2,0.8,1,1,"z",0.815443811255577,1,"z","",""
"477",22,2,0.8,1,1,"r",-1,4,"z","",""
"478",23,2,0.8,1,1,"z",0.715406713411753,1,"z","",""
"479",24,2,0.8,1,1,"r",-1,4,"z","",""
"480",25,2,0.8,1,1,"i",-1,4,"z","",""
"481",27,2,0.8,3,2,"o",0.749885069129064,1,"o","z","b"
"482",28,2,0.8,3,2,"b",1.14871405712465,1,"o","z","b"
"483",29,2,0.8,3,2,"o",-1,2,"o","z","b"
"484",30,2,0.8,3,2,"b",0.115464246764361,1,"o","z","b"
"485",31,2,0.8,3,2,"b",0.798827056130634,1,"o","z","b"
"486",32,2,0.8,3,2,"b",0.698868138445889,1,"o","z","b"
"487",33,2,0.8,3,2,"b",0.648703341311332,1,"o","z","b"
"488",34,2,0.8,3,2,"i",-1,4,"o","z","b"
"489",35,2,0.8,3,2,"z",-1,2,"o","z","b"
"490",36,2,0.8,3,2,"z",0.965510777542434,1,"o","z","b"
"491",37,2,0.8,3,2,"b",-1,2,"o","z","b"
"492",38,2,0.8,3,2,"z",1.39873299845662,1,"o","z","b"
"493",39,2,0.8,3,2,"z",-1,2,"o","z","b"
"494",41,2,0.4,1,3,"i",-1,4,"o","",""
"495",42,2,0.4,1,3,"o",0.498773718547199,1,"o","",""
"496",43,2,0.4,1,3,"f",-1,4,"o","",""
"497",44,2,0.4,1,3,"r",-1,4,"o","",""
"498",45,2,0.4,1,3,"a",-1,4,"o","",""
"499",46,2,0.4,1,3,"n",-1,4,"o","",""
"500",47,2,0.4,1,3,"o",0.415551995691942,1,"o","",""
"501",48,2,0.4,1,3,"i",-1,4,"o","",""
"502",49,2,0.4,1,3,"t",-1,4,"o","",""
"503",50,2,0.4,1,3,"n",-1,4,"o","",""
"504",51,2,0.4,1,3,"o",0.46553417121936,1,"o","",""
"505",52,2,0.4,1,3,"m",-1,4,"o","",""
"506",53,2,0.4,1,3,"s",-1,4,"o","",""
"507",55,2,0.8,3,4,"b",0.982797346462775,1,"o","z","b"
"508",56,2,0.8,3,4,"n",-1,4,"o","z","b"
"509",57,2,0.8,3,4,"z",1.08240792475144,1,"o","z","b"
"510",58,2,0.8,3,4,"z",0.815499956080259,1,"o","z","b"
"511",59,2,0.8,3,4,"o",0.965470027266463,1,"o","z","b"
"512",60,2,0.8,3,4,"z",1.21534256945884,1,"o","z","b"
"513",61,2,0.8,3,4,"z",0.915440158823429,1,"o","z","b"
"514",62,2,0.8,3,4,"z",1.03216313633442,1,"o","z","b"
"515",63,2,0.8,3,4,"z",0.9654147880035,1,"o","z","b"
"516",64,2,0.8,3,4,"z",0.998819751266353,1,"o","z","b"
"517",65,2,0.8,3,4,"o",-1,2,"o","z","b"
"518",66,2,0.8,3,4,"z",1.09886439545758,1,"o","z","b"
"519",67,2,0.8,3,4,"m",-1,4,"o","z","b"
"520",69,2,0.6,1,5,"y",-1,4,"z","",""
"521",70,2,0.6,1,5,"z",0.698843084572502,1,"z","",""
"522",71,2,0.6,1,5,"z",0.665726693634298,1,"z","",""
"523",72,2,0.6,1,5,"z",0.632120695676633,1,"z","",""
"524",73,2,0.6,1,5,"f",-1,4,"z","",""
"525",74,2,0.6,1,5,"z",0.665590859381069,1,"z","",""
"526",75,2,0.6,1,5,"z",0.665609876176518,1,"z","",""
"527",76,2,0.6,1,5,"z",0.532182907764621,1,"z","",""
"528",77,2,0.6,1,5,"f",-1,4,"z","",""
"529",78,2,0.6,1,5,"z",0.570820206462031,1,"z","",""
"530",79,2,0.6,1,5,"z",0.498870613647824,1,"z","",""
"531",80,2,0.6,1,5,"s",-1,4,"z","",""
"532",81,2,0.6,1,5,"z",0.665611989153774,1,"z","",""
"533",83,2,0.6,2,6,"b",1.06648754656473,1,"o","b",""
"534",84,2,0.6,2,6,"o",0.982244651979045,1,"o","b",""
"535",85,2,0.6,2,6,"o",0.965517418328147,1,"o","b",""
"536",86,2,0.6,2,6,"o",0.665508755121323,1,"o","b",""
"537",87,2,0.6,2,6,"n",-1,4,"o","b",""
"538",88,2,0.6,2,6,"h",-1,4,"o","b",""
"539",89,2,0.6,2,6,"a",-1,4,"o","b",""
"540",90,2,0.6,2,6,"b",0.648756165743151,1,"o","b",""
"541",91,2,0.6,2,6,"o",0.898908526497195,1,"o","b",""
"542",92,2,0.6,2,6,"s",-1,4,"o","b",""
"543",93,2,0.6,2,6,"a",-1,4,"o","b",""
"544",94,2,0.6,2,6,"b",0.76542812994569,1,"o","b",""
"545",95,2,0.6,2,6,"b",0.670598615516923,1,"o","b",""
"546",96,2,0.6,2,6,"y",-1,4,"o","b",""
"547",98,2,0.2,2,7,"m",-1,4,"z","o",""
"548",99,2,0.2,2,7,"z",0.832099203679263,1,"z","o",""
"549",100,2,0.2,2,7,"r",-1,4,"z","o",""
"550",101,2,0.2,2,7,"h",-1,4,"z","o",""
"551",102,2,0.2,2,7,"k",-1,4,"z","o",""
"552",103,2,0.2,2,7,"o",0.815509011697145,1,"z","o",""
"553",104,2,0.2,2,7,"a",-1,4,"z","o",""
"554",105,2,0.2,2,7,"f",-1,4,"z","o",""
"555",106,2,0.2,2,7,"h",-1,4,"z","o",""
"556",107,2,0.2,2,7,"n",-1,4,"z","o",""
"557",108,2,0.2,2,7,"y",-1,4,"z","o",""
"558",109,2,0.2,2,7,"k",-1,4,"z","o",""
"559",110,2,0.2,2,7,"o",0.998956792935189,1,"z","o",""
"560",112,2,0.6,3,8,"b",0.916525021725931,1,"o","z","b"
"561",113,2,0.6,3,8,"z",1.16551252829504,1,"o","z","b"
"562",114,2,0.6,3,8,"o",-1,2,"o","z","b"
"563",115,2,0.6,3,8,"b",0.132189065584043,1,"o","z","b"
"564",116,2,0.6,3,8,"t",0.365472925063841,3,"o","z","b"
"565",117,2,0.6,3,8,"h",-1,4,"o","z","b"
"566",118,2,0.6,3,8,"o",0.848766368404881,1,"o","z","b"
"567",119,2,0.6,3,8,"s",-1,4,"o","z","b"
"568",120,2,0.6,3,8,"z",1.08205052973847,1,"o","z","b"
"569",121,2,0.6,3,8,"h",-1,4,"o","z","b"
"570",122,2,0.6,3,8,"o",-1,2,"o","z","b"
"571",123,2,0.6,3,8,"t",-1,4,"o","z","b"
"572",124,2,0.6,3,8,"i",-1,4,"o","z","b"
"573",125,2,0.6,3,8,"j",-1,4,"o","z","b"
"574",127,2,0.2,3,9,"i",-1,4,"z","b","o"
"575",128,2,0.2,3,9,"f",-1,4,"z","b","o"
"576",129,2,0.2,3,9,"y",-1,4,"z","b","o"
"577",130,2,0.2,3,9,"a",-1,4,"z","b","o"
"578",131,2,0.2,3,9,"n",-1,4,"z","b","o"
"579",132,2,0.2,3,9,"j",-1,4,"z","b","o"
"580",133,2,0.2,3,9,"r",-1,4,"z","b","o"
"581",134,2,0.2,3,9,"o",0.68224142214234,1,"z","b","o"
"582",135,2,0.2,3,9,"a",-1,4,"z","b","o"
"583",136,2,0.2,3,9,"o",1.04881732134254,1,"z","b","o"
"584",137,2,0.2,3,9,"j",-1,4,"z","b","o"
"585",138,2,0.2,3,9,"j",-1,4,"z","b","o"
"586",139,2,0.2,3,9,"h",-1,4,"z","b","o"
"587",140,2,0.2,3,9,"h",-1,4,"z","b","o"
"588",142,2,0.4,3,10,"b",0.899763980438706,1,"o","b","z"
"589",143,2,0.4,3,10,"s",-1,4,"o","b","z"
"590",144,2,0.4,3,10,"j",-1,4,"o","b","z"
"591",145,2,0.4,3,10,"j",-1,4,"o","b","z"
"592",146,2,0.4,3,10,"n",-1,4,"o","b","z"
"593",147,2,0.4,3,10,"n",-1,4,"o","b","z"
"594",148,2,0.4,3,10,"z",0.832159574458444,1,"o","b","z"
"595",149,2,0.4,3,10,"o",-1,2,"o","b","z"
"596",150,2,0.4,3,10,"o",0.865519863344673,1,"o","b","z"
"597",151,2,0.4,3,10,"z",1.19883870769104,1,"o","b","z"
"598",152,2,0.4,3,10,"o",0.9989335501852,1,"o","b","z"
"599",153,2,0.4,3,10,"m",-1,4,"o","b","z"
"600",154,2,0.4,3,10,"z",0.982157718056953,1,"o","b","z"
"601",156,2,0.6,2,11,"z",1.06623338558421,1,"b","z",""
"602",157,2,0.6,2,11,"y",-1,4,"b","z",""
"603",158,2,0.6,2,11,"z",-1,2,"b","z",""
"604",159,2,0.6,2,11,"z",1.09869384800635,1,"b","z",""
"605",160,2,0.6,2,11,"f",-1,4,"b","z",""
"606",161,2,0.6,2,11,"b",0.765597771835303,1,"b","z",""
"607",162,2,0.6,2,11,"z",1.0655614588116,1,"b","z",""
"608",163,2,0.6,2,11,"z",0.848818890982727,1,"b","z",""
"609",164,2,0.6,2,11,"z",0.965502023779436,1,"b","z",""
"610",165,2,0.6,2,11,"m",1.16554543036972,3,"b","z",""
"611",166,2,0.6,2,11,"b",1.14877805015061,1,"b","z",""
"612",167,2,0.6,2,11,"h",-1,4,"b","z",""
"613",168,2,0.6,2,11,"m",-1,4,"b","z",""
"614",169,2,0.6,2,11,"t",-1,4,"b","z",""
"615",171,2,0.6,1,12,"z",0.699861539617871,1,"z","",""
"616",172,2,0.6,1,12,"z",0.665616215108344,1,"z","",""
"617",173,2,0.6,1,12,"n",-1,4,"z","",""
"618",174,2,0.6,1,12,"z",0.68216444939884,1,"z","",""
"619",175,2,0.6,1,12,"z",0.865499639133702,1,"z","",""
"620",176,2,0.6,1,12,"z",0.732087763416587,1,"z","",""
"621",177,2,0.6,1,12,"z",0.598720260222194,1,"z","",""
"622",178,2,0.6,1,12,"a",-1,4,"z","",""
"623",179,2,0.6,1,12,"k",-1,4,"z","",""
"624",180,2,0.6,1,12,"t",-1,4,"z","",""
"625",181,2,0.6,1,12,"z",0.782166834044688,1,"z","",""
"626",182,2,0.6,1,12,"z",0.848828550307417,1,"z","",""
"627",184,2,0.4,2,13,"j",-1,4,"b","o",""
"628",185,2,0.4,2,13,"n",-1,4,"b","o",""
"629",186,2,0.4,2,13,"m",-1,4,"b","o",""
"630",187,2,0.4,2,13,"o",-1,2,"b","o",""
"631",188,2,0.4,2,13,"o",1.34882055117913,1,"b","o",""
"632",189,2,0.4,2,13,"b",0.998887970246869,1,"b","o",""
"633",190,2,0.4,2,13,"b",0.803446024448363,1,"b","o",""
"634",191,2,0.4,2,13,"m",-1,4,"b","o",""
"635",192,2,0.4,2,13,"i",-1,4,"b","o",""
"636",193,2,0.4,2,13,"f",-1,4,"b","o",""
"637",194,2,0.4,2,13,"b",0.648866644269106,1,"b","o",""
"638",195,2,0.4,2,13,"a",-1,4,"b","o",""
"639",196,2,0.4,2,13,"b",0.815571797307541,1,"b","o",""
"640",197,2,0.4,2,13,"b",0.665568220338855,1,"b","o",""
"641",199,2,0.4,2,14,"r",-1,4,"o","z",""
"642",200,2,0.4,2,14,"z",-1,2,"o","z",""
"643",201,2,0.4,2,14,"k",0.0655119547726031,3,"o","z",""
"644",202,2,0.4,2,14,"t",-1,4,"o","z",""
"645",203,2,0.4,2,14,"o",0.748928192278527,1,"o","z",""
"646",204,2,0.4,2,14,"m",-1,4,"o","z",""
"647",205,2,0.4,2,14,"o",0.598863942676758,1,"o","z",""
"648",206,2,0.4,2,14,"n",-1,4,"o","z",""
"649",207,2,0.4,2,14,"o",0.648825893993148,1,"o","z",""
"650",208,2,0.4,2,14,"o",0.615474358869847,1,"o","z",""
"651",209,2,0.4,2,14,"j",-1,4,"o","z",""
"652",210,2,0.4,2,14,"m",-1,4,"o","z",""
"653",211,2,0.4,2,14,"k",0.282204716708634,3,"o","z",""
"654",213,2,0.2,1,15,"n",-1,4,"b","",""
"655",214,2,0.2,1,15,"a",-1,4,"b","",""
"656",215,2,0.2,1,15,"b",0.482213711954728,1,"b","",""
"657",216,2,0.2,1,15,"n",-1,4,"b","",""
"658",217,2,0.2,1,15,"y",-1,4,"b","",""
"659",218,2,0.2,1,15,"m",-1,4,"b","",""
"660",219,2,0.2,1,15,"j",-1,4,"b","",""
"661",220,2,0.2,1,15,"s",-1,4,"b","",""
"662",221,2,0.2,1,15,"a",-1,4,"b","",""
"663",222,2,0.2,1,15,"r",-1,4,"b","",""
"664",223,2,0.2,1,15,"h",-1,4,"b","",""
"665",224,2,0.2,1,15,"k",-1,4,"b","",""
"666",225,2,0.2,1,15,"m",-1,4,"b","",""
"667",227,2,0.4,1,16,"k",-1,4,"o","",""
"668",228,2,0.4,1,16,"t",-1,4,"o","",""
"669",229,2,0.4,1,16,"f",-1,4,"o","",""
"670",230,2,0.4,1,16,"o",0.582116484814833,1,"o","",""
"671",231,2,0.4,1,16,"n",-1,4,"o","",""
"672",232,2,0.4,1,16,"o",0.665455326981771,1,"o","",""
"673",233,2,0.4,1,16,"f",-1,4,"o","",""
"674",234,2,0.4,1,16,"o",0.665483097540175,1,"o","",""
"675",235,2,0.4,1,16,"o",0.69886119580633,1,"o","",""
"676",236,2,0.4,1,16,"t",-1,4,"o","",""
"677",237,2,0.4,1,16,"f",-1,4,"o","",""
"678",238,2,0.4,1,16,"a",-1,4,"o","",""
"679",239,2,0.4,1,16,"k",-1,4,"o","",""
"680",240,2,0.4,1,16,"o",0.815473091083618,1,"o","",""
"681",242,2,0.6,3,17,"m",-1,4,"o","b","z"
"682",243,2,0.6,3,17,"f",-1,4,"o","b","z"
"683",244,2,0.6,3,17,"h",-1,4,"o","b","z"
"684",245,2,0.6,3,17,"y",-1,4,"o","b","z"
"685",246,2,0.6,3,17,"z",0.91067780990511,1,"o","b","z"
"686",247,2,0.6,3,17,"z",0.748802319203946,1,"o","b","z"
"687",248,2,0.6,3,17,"z",0.615529598132866,1,"o","b","z"
"688",249,2,0.6,3,17,"z",0.66551147180644,1,"o","b","z"
"689",250,2,0.6,3,17,"o",0.998711385717684,1,"o","b","z"
"690",251,2,0.6,3,17,"h",-1,4,"o","b","z"
"691",252,2,0.6,3,17,"z",0.782040055408288,1,"o","b","z"
"692",253,2,0.6,3,17,"b",-1,2,"o","b","z"
"693",254,2,0.6,3,17,"t",-1,4,"o","b","z"
"694",255,2,0.6,3,17,"a",-1,4,"o","b","z"
"695",257,2,0.2,3,18,"f",-1,4,"b","o","z"
"696",258,2,0.2,3,18,"k",-1,4,"b","o","z"
"697",259,2,0.2,3,18,"m",-1,4,"b","o","z"
"698",260,2,0.2,3,18,"n",-1,4,"b","o","z"
"699",261,2,0.2,3,18,"k",-1,4,"b","o","z"
"700",262,2,0.2,3,18,"y",-1,4,"b","o","z"
"701",263,2,0.2,3,18,"m",-1,4,"b","o","z"
"702",264,2,0.2,3,18,"t",-1,4,"b","o","z"
"703",265,2,0.2,3,18,"h",-1,4,"b","o","z"
"704",266,2,0.2,3,18,"i",-1,4,"b","o","z"
"705",267,2,0.2,3,18,"f",-1,4,"b","o","z"
"706",268,2,0.2,3,18,"a",-1,4,"b","o","z"
"707",269,2,0.2,3,18,"s",-1,4,"b","o","z"
"708",271,2,0.2,2,19,"y",-1,4,"b","z",""
"709",272,2,0.2,2,19,"j",-1,4,"b","z",""
"710",273,2,0.2,2,19,"k",-1,4,"b","z",""
"711",274,2,0.2,2,19,"b",0.632223326001281,1,"b","z",""
"712",275,2,0.2,2,19,"m",-1,4,"b","z",""
"713",276,2,0.2,2,19,"i",-1,4,"b","z",""
"714",277,2,0.2,2,19,"k",-1,4,"b","z",""
"715",278,2,0.2,2,19,"f",-1,4,"b","z",""
"716",279,2,0.2,2,19,"m",-1,4,"b","z",""
"717",280,2,0.2,2,19,"y",-1,4,"b","z",""
"718",281,2,0.2,2,19,"b",0.682104078619659,1,"b","z",""
"719",282,2,0.2,2,19,"k",-1,4,"b","z",""
"720",283,2,0.2,2,19,"m",-1,4,"b","z",""
"721",285,2,0.2,3,20,"z",0.949791735904455,1,"z","b","o"
"722",286,2,0.2,3,20,"m",-1,4,"z","b","o"
"723",287,2,0.2,3,20,"r",-1,4,"z","b","o"
"724",288,2,0.2,3,20,"n",-1,4,"z","b","o"
"725",289,2,0.2,3,20,"j",-1,4,"z","b","o"
"726",290,2,0.2,3,20,"a",-1,4,"z","b","o"
"727",291,2,0.2,3,20,"z",1.16548747442164,1,"z","b","o"
"728",292,2,0.2,3,20,"k",0.198846857746162,3,"z","b","o"
"729",293,2,0.2,3,20,"s",-1,4,"z","b","o"
"730",294,2,0.2,3,20,"f",-1,4,"z","b","o"
"731",295,2,0.2,3,20,"y",-1,4,"z","b","o"
"732",296,2,0.2,3,20,"a",-1,4,"z","b","o"
"733",297,2,0.2,3,20,"m",-1,4,"z","b","o"
"734",299,2,0.6,1,21,"z",0.783134577635451,1,"z","",""
"735",300,2,0.6,1,21,"z",0.648760391697692,1,"z","",""
"736",301,2,0.6,1,21,"z",0.782133931969952,1,"z","",""
"737",302,2,0.6,1,21,"z",0.848834889239242,1,"z","",""
"738",303,2,0.6,1,21,"f",-1,4,"z","",""
"739",304,2,0.6,1,21,"z",0.582281297042073,1,"z","",""
"740",305,2,0.6,1,21,"z",0.715512060421474,1,"z","",""
"741",306,2,0.6,1,21,"z",0.748836428694062,1,"z","",""
"742",307,2,0.6,1,21,"z",0.615465303253018,1,"z","",""
"743",308,2,0.6,1,21,"z",0.565428794024228,1,"z","",""
"744",309,2,0.6,1,21,"z",0.548823509347358,1,"z","",""
"745",310,2,0.6,1,21,"z",0.615523259201041,1,"z","",""
"746",312,2,0.4,3,22,"b",0.966500858321524,1,"b","z","o"
"747",313,2,0.4,3,22,"o",0.84891156012884,1,"b","z","o"
"748",314,2,0.4,3,22,"z",1.18217184481932,1,"b","z","o"
"749",315,2,0.4,3,22,"i",-1,4,"b","z","o"
"750",316,2,0.4,3,22,"b",0.632527594728572,1,"b","z","o"
"751",317,2,0.4,3,22,"z",0.965494779285905,1,"b","z","o"
"752",318,2,0.4,3,22,"o",1.01544435459266,1,"b","z","o"
"753",319,2,0.4,3,22,"m",-1,4,"b","z","o"
"754",320,2,0.4,3,22,"i",-1,4,"b","z","o"
"755",321,2,0.4,3,22,"k",-1,4,"b","z","o"
"756",322,2,0.4,3,22,"o",0.615488847856795,1,"b","z","o"
"757",323,2,0.4,3,22,"h",-1,4,"b","z","o"
"758",324,2,0.4,3,22,"i",-1,4,"b","z","o"
"759",326,2,0.2,2,23,"a",-1,4,"b","z",""
"760",327,2,0.2,2,23,"a",-1,4,"b","z",""
"761",328,2,0.2,2,23,"n",-1,4,"b","z",""
"762",329,2,0.2,2,23,"k",-1,4,"b","z",""
"763",330,2,0.2,2,23,"h",-1,4,"b","z",""
"764",331,2,0.2,2,23,"s",-1,4,"b","z",""
"765",332,2,0.2,2,23,"s",-1,4,"b","z",""
"766",333,2,0.2,2,23,"z",0.915471551628571,1,"b","z",""
"767",334,2,0.2,2,23,"i",-1,4,"b","z",""
"768",335,2,0.2,2,23,"s",-1,4,"b","z",""
"769",336,2,0.2,2,23,"j",-1,4,"b","z",""
"770",337,2,0.2,2,23,"y",-1,4,"b","z",""
"771",339,2,0.8,2,24,"b",0.983153835913981,1,"o","b",""
"772",340,2,0.8,2,24,"o",0.815604095674416,1,"o","b",""
"773",341,2,0.8,2,24,"o",0.660388105628272,1,"o","b",""
"774",342,2,0.8,2,24,"o",0.565409777228865,1,"o","b",""
"775",343,2,0.8,2,24,"f",-1,4,"o","b",""
"776",344,2,0.8,2,24,"b",0.732115835828949,1,"o","b",""
"777",345,2,0.8,2,24,"o",0.632187103533738,1,"o","b",""
"778",346,2,0.8,2,24,"b",0.848766066550866,1,"o","b",""
"779",347,2,0.8,2,24,"f",-1,4,"o","b",""
"780",348,2,0.8,2,24,"b",0.748821637853212,1,"o","b",""
"781",349,2,0.8,2,24,"o",0.648870870223618,1,"o","b",""
"782",351,2,0.8,1,25,"b",0.616543525369821,1,"b","",""
"783",352,2,0.8,1,25,"b",0.38215276765311,1,"b","",""
"784",353,2,0.8,1,25,"k",-1,4,"b","",""
"785",354,2,0.8,1,25,"b",0.482200128529371,1,"b","",""
"786",355,2,0.8,1,25,"i",-1,4,"b","",""
"787",356,2,0.8,1,25,"b",0.565469242446397,1,"b","",""
"788",357,2,0.8,1,25,"b",0.482194695159251,1,"b","",""
"789",358,2,0.8,1,25,"b",0.598797534819596,1,"b","",""
"790",359,2,0.8,1,25,"h",-1,4,"b","",""
"791",360,2,0.8,1,25,"s",-1,4,"b","",""
"792",361,2,0.8,1,25,"b",0.465410712975881,1,"b","",""
"793",362,2,0.8,1,25,"b",0.548813850022611,1,"b","",""
"794",364,2,0.4,2,26,"k",-1,4,"o","z",""
"795",365,2,0.4,2,26,"m",-1,4,"o","z",""
"796",366,2,0.4,2,26,"o",0.982192733108946,1,"o","z",""
"797",367,2,0.4,2,26,"z",0.748780283869451,1,"o","z",""
"798",368,2,0.4,2,26,"o",0.978232711846317,1,"o","z",""
"799",369,2,0.4,2,26,"z",0.698804447273801,1,"o","z",""
"800",370,2,0.4,2,26,"o",0.548822000077848,1,"o","z",""
"801",371,2,0.4,2,26,"h",-1,4,"o","z",""
"802",372,2,0.4,2,26,"o",0.54872359570777,1,"o","z",""
"803",373,2,0.4,2,26,"z",0.54888840793501,1,"o","z",""
"804",374,2,0.4,2,26,"o",0.782285764479639,1,"o","z",""
"805",375,2,0.4,2,26,"h",-1,4,"o","z",""
"806",377,2,0.8,2,27,"z",0.949817393485546,1,"z","o",""
"807",378,2,0.8,2,27,"a",-1,4,"z","o",""
"808",379,2,0.8,2,27,"o",0.96546308462689,1,"z","o",""
"809",380,2,0.8,2,27,"o",0.598704261965736,1,"z","o",""
"810",381,2,0.8,2,27,"i",-1,4,"z","o",""
"811",382,2,0.8,2,27,"h",-1,4,"z","o",""
"812",383,2,0.8,2,27,"t",-1,4,"z","o",""
"813",384,2,0.8,2,27,"o",0.648633311207391,1,"z","o",""
"814",385,2,0.8,2,27,"z",0.882106433080025,1,"z","o",""
"815",386,2,0.8,2,27,"z",0.84881285390486,1,"z","o",""
"816",387,2,0.8,2,27,"o",0.998800432617031,1,"z","o",""
"817",388,2,0.8,2,27,"h",-1,4,"z","o",""
"818",389,2,0.8,2,27,"z",0.84887956361581,1,"z","o",""
"819",391,2,0.4,3,28,"j",-1,4,"z","b","o"
"820",392,2,0.4,3,28,"k",-1,4,"z","b","o"
"821",393,2,0.4,3,28,"h",-1,4,"z","b","o"
"822",394,2,0.4,3,28,"o",0.644431504974136,1,"z","b","o"
"823",395,2,0.4,3,28,"b",-1,2,"z","b","o"
"824",396,2,0.4,3,28,"n",0.26995880599884,3,"z","b","o"
"825",397,2,0.4,3,28,"a",-1,4,"z","b","o"
"826",398,2,0.4,3,28,"o",0.732015016627656,1,"z","b","o"
"827",399,2,0.4,3,28,"r",-1,4,"z","b","o"
"828",400,2,0.4,3,28,"b",-1,2,"z","b","o"
"829",401,2,0.4,3,28,"s",-1,4,"z","b","o"
"830",402,2,0.4,3,28,"r",-1,4,"z","b","o"
"831",403,2,0.4,3,28,"b",0.548822603785652,1,"z","b","o"
"832",405,2,0.6,3,29,"o",0.849853646138513,1,"o","z","b"
"833",406,2,0.6,3,29,"o",0.532104727605542,1,"o","z","b"
"834",407,2,0.6,3,29,"b",-1,2,"o","z","b"
"835",408,2,0.6,3,29,"b",0.69876309329004,1,"o","z","b"
"836",409,2,0.6,3,29,"f",-1,4,"o","z","b"
"837",410,2,0.6,3,29,"b",0.882056627187239,1,"o","z","b"
"838",411,2,0.6,3,29,"n",-1,4,"o","z","b"
"839",412,2,0.6,3,29,"b",0.660840282764639,1,"o","z","b"
"840",413,2,0.6,3,29,"z",1.06538396872077,1,"o","z","b"
"841",414,2,0.6,3,29,"o",0.865412705211611,1,"o","z","b"
"842",415,2,0.6,3,29,"z",0.965514701643087,1,"o","z","b"
"843",416,2,0.6,3,29,"z",0.615528692571161,1,"o","z","b"
"844",417,2,0.6,3,29,"b",1.01543620453742,1,"o","z","b"
"845",419,2,0.8,2,30,"o",1.04977751858587,1,"o","b",""
"846",420,2,0.8,2,30,"o",0.565509087160649,1,"o","b",""
"847",421,2,0.8,2,30,"b",0.832102825926086,1,"o","b",""
"848",422,2,0.8,2,30,"o",0.632052174842215,1,"o","b",""
"849",423,2,0.8,2,30,"y",0.215370641871232,3,"o","b",""
"850",424,2,0.8,2,30,"o",0.415501586091295,1,"o","b",""
"851",425,2,0.8,2,30,"b",0.665235879199372,1,"o","b",""
"852",426,2,0.8,2,30,"n",-1,4,"o","b",""
"853",427,2,0.8,2,30,"b",0.415446346828276,1,"o","b",""
"854",428,2,0.8,2,30,"b",0.598843416611885,1,"o","b",""
"855",429,2,0.8,2,30,"b",0.63215329589741,1,"o","b",""
"856",430,2,0.8,2,30,"o",0.682114945359899,1,"o","b",""
"857",432,2,0.4,1,31,"t",-1,4,"o","",""
"858",433,2,0.4,1,31,"t",-1,4,"o","",""
"859",434,2,0.4,1,31,"h",-1,4,"o","",""
"860",435,2,0.4,1,31,"k",-1,4,"o","",""
"861",436,2,0.4,1,31,"j",-1,4,"o","",""
"862",437,2,0.4,1,31,"o",0.498760738829674,1,"o","",""
"863",438,2,0.4,1,31,"k",-1,4,"o","",""
"864",439,2,0.4,1,31,"o",0.398818423109105,1,"o","",""
"865",440,2,0.4,1,31,"i",-1,4,"o","",""
"866",441,2,0.4,1,31,"i",-1,4,"o","",""
"867",442,2,0.4,1,31,"r",-1,4,"o","",""
"868",443,2,0.4,1,31,"n",-1,4,"o","",""
"869",444,2,0.4,1,31,"o",0.482120439100754,1,"o","",""
"870",446,2,0.8,3,32,"o",0.549916522305011,1,"o","z","b"
"871",447,2,0.8,3,32,"s",-1,4,"o","z","b"
"872",448,2,0.8,3,32,"n",-1,4,"o","z","b"
"873",449,2,0.8,3,32,"z",1.01522520866399,1,"o","z","b"
"874",450,2,0.8,3,32,"b",0.982243746417339,1,"o","z","b"
"875",451,2,0.8,3,32,"b",0.598713317582565,1,"o","z","b"
"876",452,2,0.8,3,32,"o",1.04881792505023,1,"o","z","b"
"877",453,2,0.8,3,32,"b",0.782054544395237,1,"o","z","b"
"878",454,2,0.8,3,32,"t",-1,4,"o","z","b"
"879",455,2,0.8,3,32,"j",-1,4,"o","z","b"
"880",456,2,0.8,3,32,"z",0.832029173575393,1,"o","z","b"
"881",457,2,0.8,3,32,"o",1.04882486768986,1,"o","z","b"
"882",458,2,0.8,3,32,"o",0.665498190234985,1,"o","z","b"
"883",460,2,0.8,1,33,"b",0.78318800577506,1,"b","",""
"884",461,2,0.8,1,33,"b",0.498854313537436,1,"b","",""
"885",462,2,0.8,1,33,"b",0.315448791844801,1,"b","",""
"886",463,2,0.8,1,33,"b",0.415435480088036,1,"b","",""
"887",464,2,0.8,1,33,"t",0.39885977709298,3,"b","",""
"888",465,2,0.8,1,33,"b",-1,2,"b","",""
"889",466,2,0.8,1,33,"b",0.515453259282594,1,"b","",""
"890",467,2,0.8,1,33,"b",0.398820536086419,1,"b","",""
"891",468,2,0.8,1,33,"n",-1,4,"b","",""
"892",469,2,0.8,1,33,"b",0.515532345003294,1,"b","",""
"893",470,2,0.8,1,33,"b",0.382096924682287,1,"b","",""
"894",471,2,0.8,1,33,"b",0.515452051866987,1,"b","",""
"895",472,2,0.8,1,33,"b",0.465516663693506,1,"b","",""
"896",474,2,0.2,1,34,"j",-1,4,"z","",""
"897",475,2,0.2,1,34,"k",-1,4,"z","",""
"898",476,2,0.2,1,34,"y",-1,4,"z","",""
"899",477,2,0.2,1,34,"t",-1,4,"z","",""
"900",478,2,0.2,1,34,"a",-1,4,"z","",""
"901",479,2,0.2,1,34,"f",-1,4,"z","",""
"902",480,2,0.2,1,34,"k",-1,4,"z","",""
"903",481,2,0.2,1,34,"s",-1,4,"z","",""
"904",482,2,0.2,1,34,"j",-1,4,"z","",""
"905",483,2,0.2,1,34,"h",-1,4,"z","",""
"906",484,2,0.2,1,34,"z",0.765141670598268,1,"z","",""
"907",485,2,0.2,1,34,"z",0.548855204006486,1,"z","",""
"908",486,2,0.2,1,34,"i",-1,4,"z","",""
"909",488,2,0.6,2,35,"k",-1,4,"o","b",""
"910",489,2,0.6,2,35,"o",0.682135169570984,1,"o","b",""
"911",490,2,0.6,2,35,"o",0.548828942717364,1,"o","b",""
"912",491,2,0.6,2,35,"b",0.698900134958876,1,"o","b",""
"913",492,2,0.6,2,35,"y",-1,4,"o","b",""
"914",493,2,0.6,2,35,"b",0.698886853387421,1,"o","b",""
"915",494,2,0.6,2,35,"o",0.632118884553165,1,"o","b",""
"916",495,2,0.6,2,35,"b",0.582179572279074,1,"o","b",""
"917",496,2,0.6,2,35,"b",0.632120997530365,1,"o","b",""
"918",497,2,0.6,2,35,"m",-1,4,"o","b",""
"919",498,2,0.6,2,35,"b",0.532052506881428,1,"o","b",""
"920",499,2,0.6,2,35,"i",-1,4,"o","b",""
"921",0,1,0.2,1,0,"o",0.916430541456464,1,"o","",""
"922",1,1,0.2,1,0,"f",-1,4,"o","",""
"923",2,1,0.2,1,0,"f",-1,4,"o","",""
"924",3,1,0.2,1,0,"n",-1,4,"o","",""
"925",4,1,0.2,1,0,"a",-1,4,"o","",""
"926",5,1,0.2,1,0,"f",-1,4,"o","",""
"927",6,1,0.2,1,0,"r",-1,4,"o","",""
"928",7,1,0.2,1,0,"f",-1,4,"o","",""
"929",8,1,0.2,1,0,"k",0.91128151769724,3,"o","",""
"930",9,1,0.2,1,0,"r",-1,4,"o","",""
"931",10,1,0.2,1,0,"h",-1,4,"o","",""
"932",11,1,0.2,1,0,"m",-1,4,"o","",""
"933",12,1,0.2,1,0,"r",-1,4,"o","",""
"934",14,1,0.8,1,1,"s",-1,4,"z","",""
"935",15,1,0.8,1,1,"z",-1,2,"z","",""
"936",16,1,0.8,1,1,"s",-1,4,"z","",""
"937",17,1,0.8,1,1,"z",1.11143872320632,1,"z","",""
"938",18,1,0.8,1,1,"z",-1,2,"z","",""
"939",19,1,0.8,1,1,"z",0.865601665750539,1,"z","",""
"940",20,1,0.8,1,1,"z",0.765634296156705,1,"z","",""
"941",21,1,0.8,1,1,"z",0.998876801652713,1,"z","",""
"942",22,1,0.8,1,1,"z",1.03219030318508,1,"z","",""
"943",23,1,0.8,1,1,"n",-1,4,"z","",""
"944",24,1,0.8,1,1,"y",-1,4,"z","",""
"945",25,1,0.8,1,1,"z",1.0488469030243,1,"z","",""
"946",26,1,0.8,1,1,"z",1.01545069352441,1,"z","",""
"947",28,1,0.8,2,2,"b",0.74981171863233,1,"b","z",""
"948",29,1,0.8,2,2,"z",0.865431722007045,1,"b","z",""
"949",30,1,0.8,2,2,"f",-1,4,"b","z",""
"950",31,1,0.8,2,2,"z",1.09888492152251,1,"b","z",""
"951",32,1,0.8,2,2,"z",1.21545848135493,1,"b","z",""
"952",33,1,0.8,2,2,"b",0.915604971050712,1,"b","z",""
"953",34,1,0.8,2,2,"z",-1,2,"b","z",""
"954",35,1,0.8,2,2,"a",1.43216271373898,3,"b","z",""
"955",36,1,0.8,2,2,"z",-1,2,"b","z",""
"956",37,1,0.8,2,2,"b",0.348909296224619,1,"b","z",""
"957",38,1,0.8,2,2,"b",1.06558077746094,1,"b","z",""
"958",39,1,0.8,2,2,"a",0.465531756388202,3,"b","z",""
"959",40,1,0.8,2,2,"b",0.948800145855799,1,"b","z",""
"960",42,1,0.6,3,3,"b",-1,2,"z","o","b"
"961",43,1,0.6,3,3,"m",0.19882784095077,3,"z","o","b"
"962",44,1,0.6,3,3,"i",-1,4,"z","o","b"
"963",45,1,0.6,3,3,"o",0.682108304574214,1,"z","o","b"
"964",46,1,0.6,3,3,"b",-1,2,"z","o","b"
"965",47,1,0.6,3,3,"b",0.532292782582786,1,"z","o","b"
"966",48,1,0.6,3,3,"o",0.86556785811419,1,"z","o","b"
"967",49,1,0.6,3,3,"o",0.8321321057539,1,"z","o","b"
"968",50,1,0.6,3,3,"z",1.03211755639612,1,"z","o","b"
"969",51,1,0.6,3,3,"z",0.932199388987343,1,"z","o","b"
"970",52,1,0.6,3,3,"f",-1,4,"z","o","b"
"971",53,1,0.6,3,3,"b",0.748645958885689,1,"z","o","b"
"972",54,1,0.6,3,3,"z",1.23215794444741,1,"z","o","b"
"973",55,1,0.6,3,3,"o",1.06559979425639,1,"z","o","b"
"974",57,1,0.2,3,4,"k",-1,4,"z","b","o"
"975",58,1,0.2,3,4,"r",-1,4,"z","b","o"
"976",59,1,0.2,3,4,"s",-1,4,"z","b","o"
"977",60,1,0.2,3,4,"t",-1,4,"z","b","o"
"978",61,1,0.2,3,4,"s",-1,4,"z","b","o"
"979",62,1,0.2,3,4,"j",-1,4,"z","b","o"
"980",63,1,0.2,3,4,"j",-1,4,"z","b","o"
"981",64,1,0.2,3,4,"m",-1,4,"z","b","o"
"982",65,1,0.2,3,4,"m",-1,4,"z","b","o"
"983",66,1,0.2,3,4,"h",-1,4,"z","b","o"
"984",67,1,0.2,3,4,"n",-1,4,"z","b","o"
"985",68,1,0.2,3,4,"y",-1,4,"z","b","o"
"986",69,1,0.2,3,4,"r",-1,4,"z","b","o"
"987",71,1,0.2,2,5,"r",-1,4,"b","o",""
"988",72,1,0.2,2,5,"h",-1,4,"b","o",""
"989",73,1,0.2,2,5,"h",-1,4,"b","o",""
"990",74,1,0.2,2,5,"k",-1,4,"b","o",""
"991",75,1,0.2,2,5,"o",0.965537944393077,1,"b","o",""
"992",76,1,0.2,2,5,"b",0.682161430859907,1,"b","o",""
"993",77,1,0.2,2,5,"s",-1,4,"b","o",""
"994",78,1,0.2,2,5,"o",1.04886712723535,1,"b","o",""
"995",79,1,0.2,2,5,"h",-1,4,"b","o",""
"996",80,1,0.2,2,5,"s",-1,4,"b","o",""
"997",81,1,0.2,2,5,"i",-1,4,"b","o",""
"998",82,1,0.2,2,5,"b",1.33215791426204,1,"b","o",""
"999",83,1,0.2,2,5,"r",-1,4,"b","o",""
"1000",85,1,0.4,2,6,"i",-1,4,"b","z",""
"1001",86,1,0.4,2,6,"y",-1,4,"b","z",""
"1002",87,1,0.4,2,6,"z",0.765602299643717,1,"b","z",""
"1003",88,1,0.4,2,6,"m",-1,4,"b","z",""
"1004",89,1,0.4,2,6,"z",-1,2,"b","z",""
"1005",90,1,0.4,2,6,"b",0.63225924661495,1,"b","z",""
"1006",91,1,0.4,2,6,"a",-1,4,"b","z",""
"1007",92,1,0.4,2,6,"b",0.961354853101284,1,"b","z",""
"1008",93,1,0.4,2,6,"a",-1,4,"b","z",""
"1009",94,1,0.4,2,6,"s",-1,4,"b","z",""
"1010",95,1,0.4,2,6,"h",-1,4,"b","z",""
"1011",96,1,0.4,2,6,"z",1.0487943804464,1,"b","z",""
"1012",97,1,0.4,2,6,"m",-1,4,"b","z",""
"1013",99,1,0.4,3,7,"z",1.3498329691466,1,"o","b","z"
"1014",100,1,0.4,3,7,"y",-1,4,"o","b","z"
"1015",101,1,0.4,3,7,"z",1.01549687717053,1,"o","b","z"
"1016",102,1,0.4,3,7,"h",-1,4,"o","b","z"
"1017",103,1,0.4,3,7,"m",-1,4,"o","b","z"
"1018",104,1,0.4,3,7,"o",0.898931165539381,1,"o","b","z"
"1019",105,1,0.4,3,7,"o",0.815529839615976,1,"o","b","z"
"1020",106,1,0.4,3,7,"b",-1,2,"o","b","z"
"1021",107,1,0.4,3,7,"a",0.132212912041894,3,"o","b","z"
"1022",108,1,0.4,3,7,"b",0.915482116514994,1,"o","b","z"
"1023",109,1,0.4,3,7,"a",-1,4,"o","b","z"
"1024",110,1,0.4,3,7,"b",0.948671556096087,1,"o","b","z"
"1025",111,1,0.4,3,7,"o",-1,2,"o","b","z"
"1026",113,1,0.6,3,8,"o",1.03320151373691,1,"o","z","b"
"1027",114,1,0.6,3,8,"b",0.71543599323968,1,"o","z","b"
"1028",115,1,0.6,3,8,"b",0.732153265712043,1,"o","z","b"
"1029",116,1,0.6,3,8,"i",-1,4,"o","z","b"
"1030",117,1,0.6,3,8,"j",-1,4,"o","z","b"
"1031",118,1,0.6,3,8,"z",0.915472759044235,1,"o","z","b"
"1032",119,1,0.6,3,8,"z",-1,2,"o","z","b"
"1033",120,1,0.6,3,8,"f",0.399034550498811,3,"o","z","b"
"1034",121,1,0.6,3,8,"o",1.03221958301299,1,"o","z","b"
"1035",122,1,0.6,3,8,"r",-1,4,"o","z","b"
"1036",123,1,0.6,3,8,"k",-1,4,"o","z","b"
"1037",124,1,0.6,3,8,"j",-1,4,"o","z","b"
"1038",125,1,0.6,3,8,"z",0.998836956938419,1,"o","z","b"
"1039",126,1,0.6,3,8,"o",-1,2,"o","z","b"
"1040",128,1,0.4,3,9,"k",-1,4,"z","b","o"
"1041",129,1,0.4,3,9,"b",-1,2,"z","b","o"
"1042",130,1,0.4,3,9,"k",0.748893177226591,3,"z","b","o"
"1043",131,1,0.4,3,9,"z",0.732104365380849,1,"z","b","o"
"1044",132,1,0.4,3,9,"b",0.948891003878543,1,"z","b","o"
"1045",133,1,0.4,3,9,"h",0.99888102760724,3,"z","b","o"
"1046",134,1,0.4,3,9,"k",-1,4,"z","b","o"
"1047",135,1,0.4,3,9,"y",-1,4,"z","b","o"
"1048",136,1,0.4,3,9,"i",-1,4,"z","b","o"
"1049",137,1,0.4,3,9,"o",-1,2,"z","b","o"
"1050",138,1,0.4,3,9,"z",0.765532873247651,1,"z","b","o"
"1051",139,1,0.4,3,9,"o",0.882251021096238,1,"z","b","o"
"1052",140,1,0.4,3,9,"b",0.915489361008554,1,"z","b","o"
"1053",142,1,0.2,1,10,"z",-1,2,"z","",""
"1054",143,1,0.2,1,10,"m",0.148813065202546,3,"z","",""
"1055",144,1,0.2,1,10,"t",-1,4,"z","",""
"1056",145,1,0.2,1,10,"r",-1,4,"z","",""
"1057",146,1,0.2,1,10,"k",-1,4,"z","",""
"1058",147,1,0.2,1,10,"s",-1,4,"z","",""
"1059",148,1,0.2,1,10,"k",-1,4,"z","",""
"1060",149,1,0.2,1,10,"z",0.766238607656646,1,"z","",""
"1061",150,1,0.2,1,10,"z",0.915478192414355,1,"z","",""
"1062",151,1,0.2,1,10,"z",0.798926667916305,1,"z","",""
"1063",152,1,0.2,1,10,"r",-1,4,"z","",""
"1064",153,1,0.2,1,10,"i",-1,4,"z","",""
"1065",154,1,0.2,1,10,"z",1.36543972113526,1,"z","",""
"1066",156,1,0.6,3,11,"b",-1,2,"o","z","b"
"1067",157,1,0.6,3,11,"b",0.682134867717025,1,"o","z","b"
"1068",158,1,0.6,3,11,"o",0.815372875590015,1,"o","z","b"
"1069",159,1,0.6,3,11,"b",0.998824279074825,1,"o","z","b"
"1070",160,1,0.6,3,11,"b",0.815523500684151,1,"o","z","b"
"1071",161,1,0.6,3,11,"b",0.727140378059914,1,"o","z","b"
"1072",162,1,0.6,3,11,"b",0.698836745640676,1,"o","z","b"
"1073",163,1,0.6,3,11,"z",0.998868047889744,1,"o","z","b"
"1074",164,1,0.6,3,11,"o",1.01546367324198,1,"o","z","b"
"1075",165,1,0.6,3,11,"j",1.39876740980077,3,"o","z","b"
"1076",166,1,0.6,3,11,"o",-1,2,"o","z","b"
"1077",167,1,0.6,3,11,"z",0.982161340303719,1,"o","z","b"
"1078",169,1,0.2,3,12,"h",-1,4,"b","z","o"
"1079",170,1,0.2,3,12,"n",-1,4,"b","z","o"
"1080",171,1,0.2,3,12,"j",-1,4,"b","z","o"
"1081",172,1,0.2,3,12,"h",-1,4,"b","z","o"
"1082",173,1,0.2,3,12,"o",1.08212297467355,1,"b","z","o"
"1083",174,1,0.2,3,12,"s",-1,4,"b","z","o"
"1084",175,1,0.2,3,12,"a",-1,4,"b","z","o"
"1085",176,1,0.2,3,12,"j",-1,4,"b","z","o"
"1086",177,1,0.2,3,12,"m",-1,4,"b","z","o"
"1087",178,1,0.2,3,12,"j",0.765524421338512,3,"b","z","o"
"1088",179,1,0.2,3,12,"f",-1,4,"b","z","o"
"1089",180,1,0.2,3,12,"n",-1,4,"b","z","o"
"1090",181,1,0.2,3,12,"z",0.732166245429539,1,"b","z","o"
"1091",183,1,0.4,1,13,"h",-1,4,"o","",""
"1092",184,1,0.4,1,13,"j",-1,4,"o","",""
"1093",185,1,0.4,1,13,"o",0.565485844410659,1,"o","",""
"1094",186,1,0.4,1,13,"m",-1,4,"o","",""
"1095",187,1,0.4,1,13,"s",-1,4,"o","",""
"1096",188,1,0.4,1,13,"j",-1,4,"o","",""
"1097",189,1,0.4,1,13,"o",0.732176810315934,1,"o","",""
"1098",190,1,0.4,1,13,"j",-1,4,"o","",""
"1099",191,1,0.4,1,13,"o",0.732232653286701,1,"o","",""
"1100",192,1,0.4,1,13,"o",1.18218905049144,1,"o","",""
"1101",193,1,0.4,1,13,"s",-1,4,"o","",""
"1102",194,1,0.4,1,13,"i",-1,4,"o","",""
"1103",195,1,0.4,1,13,"f",-1,4,"o","",""
"1104",197,1,0.8,2,14,"j",-1,4,"b","z",""
"1105",198,1,0.8,2,14,"f",-1,4,"b","z",""
"1106",199,1,0.8,2,14,"y",-1,4,"b","z",""
"1107",200,1,0.8,2,14,"b",0.465560130654467,1,"b","z",""
"1108",201,1,0.8,2,14,"m",-1,4,"b","z",""
"1109",202,1,0.8,2,14,"z",0.615563103915349,1,"b","z",""
"1110",203,1,0.8,2,14,"z",0.748877480823978,1,"b","z",""
"1111",204,1,0.8,2,14,"f",-1,4,"b","z",""
"1112",205,1,0.8,2,14,"z",0.753554103235842,1,"b","z",""
"1113",206,1,0.8,2,14,"h",-1,4,"b","z",""
"1114",207,1,0.8,2,14,"f",-1,4,"b","z",""
"1115",208,1,0.8,2,14,"z",0.732198543796414,1,"b","z",""
"1116",209,1,0.8,2,14,"b",0.732198543796471,1,"b","z",""
"1117",210,1,0.8,2,14,"b",0.748844880603201,1,"b","z",""
"1118",212,1,0.8,3,15,"o",-1,2,"o","z","b"
"1119",213,1,0.8,3,15,"i",0.0484892061574556,3,"o","z","b"
"1120",214,1,0.8,3,15,"o",0.698508026747902,1,"o","z","b"
"1121",215,1,0.8,3,15,"z",1.06008341430561,1,"o","z","b"
"1122",216,1,0.8,3,15,"b",-1,2,"o","z","b"
"1123",217,1,0.8,3,15,"o",1.04880736016395,1,"o","z","b"
"1124",218,1,0.8,3,15,"b",-1,2,"o","z","b"
"1125",219,1,0.8,3,15,"z",0.815496937541297,1,"o","z","b"
"1126",220,1,0.8,3,15,"z",0.59875316229693,1,"o","z","b"
"1127",221,1,0.8,3,15,"b",0.632234192741578,1,"o","z","b"
"1128",222,1,0.8,3,15,"z",0.565574589456048,1,"o","z","b"
"1129",223,1,0.8,3,15,"o",0.648821064330775,1,"o","z","b"
"1130",224,1,0.8,3,15,"f",-1,4,"o","z","b"
"1131",226,1,0.6,2,16,"z",-1,2,"z","o",""
"1132",227,1,0.6,2,16,"z",0.698936961134223,1,"z","o",""
"1133",228,1,0.6,2,16,"f",-1,4,"z","o",""
"1134",229,1,0.6,2,16,"z",0.6988427827186,1,"z","o",""
"1135",230,1,0.6,2,16,"z",0.998881631315044,1,"z","o",""
"1136",231,1,0.6,2,16,"z",1.14883419497528,1,"z","o",""
"1137",232,1,0.6,2,16,"s",-1,4,"z","o",""
"1138",233,1,0.6,2,16,"z",0.815575721408209,1,"z","o",""
"1139",234,1,0.6,2,16,"o",-1,2,"z","o",""
"1140",235,1,0.6,2,16,"y",0.0488933885243341,3,"z","o",""
"1141",236,1,0.6,2,16,"n",-1,4,"z","o",""
"1142",237,1,0.6,2,16,"o",0.798840941409821,1,"z","o",""
"1143",238,1,0.6,2,16,"i",-1,4,"z","o",""
"1144",239,1,0.6,2,16,"o",1.19876535719436,1,"z","o",""
"1145",241,1,0.2,2,17,"y",-1,4,"o","b",""
"1146",242,1,0.2,2,17,"s",-1,4,"o","b",""
"1147",243,1,0.2,2,17,"i",-1,4,"o","b",""
"1148",244,1,0.2,2,17,"o",0.965451916032634,1,"o","b",""
"1149",245,1,0.2,2,17,"s",-1,4,"o","b",""
"1150",246,1,0.2,2,17,"y",-1,4,"o","b",""
"1151",247,1,0.2,2,17,"o",0.715473121268815,1,"o","b",""
"1152",248,1,0.2,2,17,"t",-1,4,"o","b",""
"1153",249,1,0.2,2,17,"k",-1,4,"o","b",""
"1154",250,1,0.2,2,17,"j",-1,4,"o","b",""
"1155",251,1,0.2,2,17,"j",-1,4,"o","b",""
"1156",252,1,0.2,2,17,"s",-1,4,"o","b",""
"1157",253,1,0.2,2,17,"t",-1,4,"o","b",""
"1158",254,1,0.2,2,17,"j",-1,4,"o","b",""
"1159",256,1,0.4,1,18,"f",-1,4,"o","",""
"1160",257,1,0.4,1,18,"r",-1,4,"o","",""
"1161",258,1,0.4,1,18,"o",-1,2,"o","",""
"1162",259,1,0.4,1,18,"h",-1,4,"o","",""
"1163",260,1,0.4,1,18,"o",1.09896793134396,1,"o","",""
"1164",261,1,0.4,1,18,"a",-1,4,"o","",""
"1165",262,1,0.4,1,18,"k",-1,4,"o","",""
"1166",263,1,0.4,1,18,"y",-1,4,"o","",""
"1167",264,1,0.4,1,18,"o",0.615421836291944,1,"o","",""
"1168",265,1,0.4,1,18,"o",0.815528934054214,1,"o","",""
"1169",266,1,0.4,1,18,"o",0.865464322227808,1,"o","",""
"1170",267,1,0.4,1,18,"m",-1,4,"o","",""
"1171",268,1,0.4,1,18,"y",-1,4,"o","",""
"1172",269,1,0.4,1,18,"s",-1,4,"o","",""
"1173",271,1,0.8,3,19,"j",-1,4,"o","z","b"
"1174",272,1,0.8,3,19,"o",1.2319478541358,1,"o","z","b"
"1175",273,1,0.8,3,19,"b",0.982237407485627,1,"o","z","b"
"1176",274,1,0.8,3,19,"b",0.698874477377672,1,"o","z","b"
"1177",275,1,0.8,3,19,"b",0.515539287642923,1,"o","z","b"
"1178",276,1,0.8,3,19,"b",0.34889088313696,1,"o","z","b"
"1179",277,1,0.8,3,19,"z",0.615440551233519,1,"o","z","b"
"1180",278,1,0.8,3,19,"b",0.615508166506288,1,"o","z","b"
"1181",279,1,0.8,3,19,"b",0.448818709870352,1,"o","z","b"
"1182",280,1,0.8,3,19,"b",0.394072374301231,1,"o","z","b"
"1183",281,1,0.8,3,19,"j",-1,4,"o","z","b"
"1184",282,1,0.8,3,19,"b",0.582160253629695,1,"o","z","b"
"1185",283,1,0.8,3,19,"b",0.565538366988562,1,"o","z","b"
"1186",285,1,0.8,2,20,"b",1.14978261991666,1,"b","o",""
"1187",286,1,0.8,2,20,"o",0.620084271570704,1,"b","o",""
"1188",287,1,0.8,2,20,"o",0.582176855593957,1,"b","o",""
"1189",288,1,0.8,2,20,"b",0.498832278203054,1,"b","o",""
"1190",289,1,0.8,2,20,"o",0.432116831946814,1,"b","o",""
"1191",290,1,0.8,2,20,"o",0.732061803981424,1,"b","o",""
"1192",291,1,0.8,2,20,"o",0.532230298826221,1,"b","o",""
"1193",292,1,0.8,2,20,"o",0.665394050640771,1,"b","o",""
"1194",293,1,0.8,2,20,"o",0.482088442587838,1,"b","o",""
"1195",294,1,0.8,2,20,"o",0.565447810819705,1,"b","o",""
"1196",295,1,0.8,2,20,"o",0.648807782759377,1,"b","o",""
"1197",296,1,0.8,2,20,"o",0.598837077679946,1,"b","o",""
"1198",298,1,0.6,1,21,"z",-1,2,"z","",""
"1199",299,1,0.6,1,21,"i",0.298741178697128,3,"z","",""
"1200",300,1,0.6,1,21,"r",-1,4,"z","",""
"1201",301,1,0.6,1,21,"z",0.770879611308828,1,"z","",""
"1202",302,1,0.6,1,21,"z",0.915469438651371,1,"z","",""
"1203",303,1,0.6,1,21,"k",-1,4,"z","",""
"1204",304,1,0.6,1,21,"z",0.69876852666016,1,"z","",""
"1205",305,1,0.6,1,21,"z",0.665442347264275,1,"z","",""
"1206",306,1,0.6,1,21,"z",0.681906062463895,1,"z","",""
"1207",307,1,0.6,1,21,"s",0.582150594305062,3,"z","",""
"1208",308,1,0.6,1,21,"z",0.682185881025475,1,"z","",""
"1209",309,1,0.6,1,21,"a",-1,4,"z","",""
"1210",310,1,0.6,1,21,"z",0.815409701765361,1,"z","",""
"1211",312,1,0.6,2,22,"o",0.88320669053121,1,"b","o",""
"1212",313,1,0.6,2,22,"o",0.498879367410836,1,"b","o",""
"1213",314,1,0.6,2,22,"b",0.832158668896682,1,"b","o",""
"1214",315,1,0.6,2,22,"h",-1,4,"b","o",""
"1215",316,1,0.6,2,22,"o",1.06543950983757,1,"b","o",""
"1216",317,1,0.6,2,22,"h",-1,4,"b","o",""
"1217",318,1,0.6,2,22,"o",0.882258869297516,1,"b","o",""
"1218",319,1,0.6,2,22,"b",1.23208489580452,1,"b","o",""
"1219",320,1,0.6,2,22,"f",-1,4,"b","o",""
"1220",321,1,0.6,2,22,"o",0.898766957019916,1,"b","o",""
"1221",322,1,0.6,2,22,"f",-1,4,"b","o",""
"1222",323,1,0.6,2,22,"h",-1,4,"b","o",""
"1223",325,1,0.4,3,23,"b",1.19984146633374,1,"z","b","o"
"1224",326,1,0.4,3,23,"k",-1,4,"z","b","o"
"1225",327,1,0.4,3,23,"f",-1,4,"z","b","o"
"1226",328,1,0.4,3,23,"s",-1,4,"z","b","o"
"1227",329,1,0.4,3,23,"k",1.04865311282299,3,"z","b","o"
"1228",330,1,0.4,3,23,"h",-1,4,"z","b","o"
"1229",331,1,0.4,3,23,"o",0.71552322901573,1,"z","b","o"
"1230",332,1,0.4,3,23,"m",1.28214313851379,3,"z","b","o"
"1231",333,1,0.4,3,23,"m",1.14871798122522,3,"z","b","o"
"1232",334,1,0.4,3,23,"j",-1,4,"z","b","o"
"1233",335,1,0.4,3,23,"z",-1,2,"z","b","o"
"1234",336,1,0.4,3,23,"j",0.132180311821116,3,"z","b","o"
"1235",337,1,0.4,3,23,"o",0.782281236671338,1,"z","b","o"
"1236",339,1,0.4,2,24,"z",0.983032792501717,1,"z","o",""
"1237",340,1,0.4,2,24,"t",-1,4,"z","o",""
"1238",341,1,0.4,2,24,"y",-1,4,"z","o",""
"1239",342,1,0.4,2,24,"i",-1,4,"z","o",""
"1240",343,1,0.4,2,24,"y",-1,4,"z","o",""
"1241",344,1,0.4,2,24,"k",-1,4,"z","o",""
"1242",345,1,0.4,2,24,"j",-1,4,"z","o",""
"1243",346,1,0.4,2,24,"o",1.39883321395007,1,"z","o",""
"1244",347,1,0.4,2,24,"z",0.748774548645429,1,"z","o",""
"1245",348,1,0.4,2,24,"a",-1,4,"z","o",""
"1246",349,1,0.4,2,24,"n",-1,4,"z","o",""
"1247",350,1,0.4,2,24,"z",0.815710951953633,1,"z","o",""
"1248",351,1,0.4,2,24,"o",0.498841333819996,1,"z","o",""
"1249",353,1,0.8,1,25,"b",0.766490051952019,1,"b","",""
"1250",354,1,0.8,1,25,"j",-1,4,"b","",""
"1251",355,1,0.8,1,25,"b",0.61515077149329,1,"b","",""
"1252",356,1,0.8,1,25,"f",-1,4,"b","",""
"1253",357,1,0.8,1,25,"b",0.882138731446958,1,"b","",""
"1254",358,1,0.8,1,25,"b",0.88223019317752,1,"b","",""
"1255",359,1,0.8,1,25,"a",-1,4,"b","",""
"1256",360,1,0.8,1,25,"k",-1,4,"b","",""
"1257",361,1,0.8,1,25,"b",0.66535813002713,1,"b","",""
"1258",362,1,0.8,1,25,"b",0.815554893489434,1,"b","",""
"1259",363,1,0.8,1,25,"b",0.698788750871245,1,"b","",""
"1260",364,1,0.8,1,25,"b",0.565378988131329,1,"b","",""
"1261",366,1,0.8,1,26,"b",0.749786664758972,1,"b","",""
"1262",367,1,0.8,1,26,"b",0.498808129891358,1,"b","",""
"1263",368,1,0.8,1,26,"f",-1,4,"b","",""
"1264",369,1,0.8,1,26,"b",0.465369057138219,1,"b","",""
"1265",370,1,0.8,1,26,"j",-1,4,"b","",""
"1266",371,1,0.8,1,26,"b",0.548815359292234,1,"b","",""
"1267",372,1,0.8,1,26,"b",0.615162845649138,1,"b","",""
"1268",373,1,0.8,1,26,"h",-1,4,"b","",""
"1269",374,1,0.8,1,26,"b",0.482054936805412,1,"b","",""
"1270",375,1,0.8,1,26,"b",0.532126461086023,1,"b","",""
"1271",376,1,0.8,1,26,"b",0.582065773360227,1,"b","",""
"1272",377,1,0.8,1,26,"b",0.432094796612432,1,"b","",""
"1273",378,1,0.8,1,26,"h",-1,4,"b","",""
"1274",380,1,0.4,2,27,"s",-1,4,"b","z",""
"1275",381,1,0.4,2,27,"b",0.515614449263012,1,"b","z",""
"1276",382,1,0.4,2,27,"b",0.482139455896345,1,"b","z",""
"1277",383,1,0.4,2,27,"b",0.582105919928495,1,"b","z",""
"1278",384,1,0.4,2,27,"b",0.532037112332773,1,"b","z",""
"1279",385,1,0.4,2,27,"f",-1,4,"b","z",""
"1280",386,1,0.4,2,27,"b",1.04880192679377,1,"b","z",""
"1281",387,1,0.4,2,27,"z",1.44878490223414,1,"b","z",""
"1282",388,1,0.4,2,27,"a",-1,4,"b","z",""
"1283",389,1,0.4,2,27,"y",-1,4,"b","z",""
"1284",390,1,0.4,2,27,"z",1.06544101910697,1,"b","z",""
"1285",391,1,0.4,2,27,"b",1.29880547357698,1,"b","z",""
"1286",393,1,0.8,3,28,"z",-1,2,"z","o","b"
"1287",394,1,0.8,3,28,"r",0.387085965876622,3,"z","o","b"
"1288",395,1,0.8,3,28,"b",-1,2,"z","o","b"
"1289",396,1,0.8,3,28,"z",0.582143953519335,1,"z","o","b"
"1290",397,1,0.8,3,28,"b",0.448899304860674,1,"z","o","b"
"1291",398,1,0.8,3,28,"o",0.798813472705319,1,"z","o","b"
"1292",399,1,0.8,3,28,"z",0.948819162651262,1,"z","o","b"
"1293",400,1,0.8,3,28,"y",-1,4,"z","o","b"
"1294",401,1,0.8,3,28,"z",0.998817336435081,1,"z","o","b"
"1295",402,1,0.8,3,28,"b",0.79894417544233,1,"z","o","b"
"1296",403,1,0.8,3,28,"z",0.71537532060654,1,"z","o","b"
"1297",404,1,0.8,3,28,"o",0.765524421338569,1,"z","o","b"
"1298",405,1,0.8,3,28,"j",-1,4,"z","o","b"
"1299",407,1,0.6,2,29,"r",-1,4,"o","b",""
"1300",408,1,0.6,2,29,"b",0.88211639425856,1,"o","b",""
"1301",409,1,0.6,2,29,"k",-1,4,"o","b",""
"1302",410,1,0.6,2,29,"o",0.615480094093982,1,"o","b",""
"1303",411,1,0.6,2,29,"f",-1,4,"o","b",""
"1304",412,1,0.6,2,29,"o",-1,2,"o","b",""
"1305",413,1,0.6,2,29,"n",0.74885876588246,3,"o","b",""
"1306",414,1,0.6,2,29,"o",1.08223043466046,1,"o","b",""
"1307",415,1,0.6,2,29,"b",-1,2,"o","b",""
"1308",416,1,0.6,2,29,"k",0.248745117890621,3,"o","b",""
"1309",417,1,0.6,2,29,"y",-1,4,"o","b",""
"1310",418,1,0.6,2,29,"s",-1,4,"o","b",""
"1311",419,1,0.6,2,29,"i",-1,4,"o","b",""
"1312",421,1,0.6,1,30,"t",-1,4,"z","",""
"1313",422,1,0.6,1,30,"z",-1,2,"z","",""
"1314",423,1,0.6,1,30,"z",1.37696027693289,1,"z","",""
"1315",424,1,0.6,1,30,"z",0.732046409432769,1,"z","",""
"1316",425,1,0.6,1,30,"h",-1,4,"z","",""
"1317",426,1,0.6,1,30,"z",0.582131275655684,1,"z","",""
"1318",427,1,0.6,1,30,"m",-1,4,"z","",""
"1319",428,1,0.6,1,30,"s",-1,4,"z","",""
"1320",429,1,0.6,1,30,"k",-1,4,"z","",""
"1321",430,1,0.6,1,30,"z",0.548727217954593,1,"z","",""
"1322",431,1,0.6,1,30,"k",-1,4,"z","",""
"1323",432,1,0.6,1,30,"z",0.648853966405454,1,"z","",""
"1324",433,1,0.6,1,30,"z",0.781927463905049,1,"z","",""
"1325",435,1,0.2,1,31,"z",0.83318406658168,1,"z","",""
"1326",436,1,0.2,1,31,"a",-1,4,"z","",""
"1327",437,1,0.2,1,31,"j",-1,4,"z","",""
"1328",438,1,0.2,1,31,"s",-1,4,"z","",""
"1329",439,1,0.2,1,31,"r",-1,4,"z","",""
"1330",440,1,0.2,1,31,"h",-1,4,"z","",""
"1331",441,1,0.2,1,31,"k",-1,4,"z","",""
"1332",442,1,0.2,1,31,"h",-1,4,"z","",""
"1333",443,1,0.2,1,31,"z",0.748800809934437,1,"z","",""
"1334",444,1,0.2,1,31,"h",-1,4,"z","",""
"1335",445,1,0.2,1,31,"k",-1,4,"z","",""
"1336",446,1,0.2,1,31,"z",0.582197381658943,1,"z","",""
"1337",447,1,0.2,1,31,"n",-1,4,"z","",""
"1338",449,1,0.4,1,32,"z",0.849768221485874,1,"z","",""
"1339",450,1,0.4,1,32,"z",0.748843371333692,1,"z","",""
"1340",451,1,0.4,1,32,"t",-1,4,"z","",""
"1341",452,1,0.4,1,32,"i",-1,4,"z","",""
"1342",453,1,0.4,1,32,"z",0.582127653408975,1,"z","",""
"1343",454,1,0.4,1,32,"a",-1,4,"z","",""
"1344",455,1,0.4,1,32,"m",-1,4,"z","",""
"1345",456,1,0.4,1,32,"z",0.69872566340689,1,"z","",""
"1346",457,1,0.4,1,32,"f",-1,4,"z","",""
"1347",458,1,0.4,1,32,"z",0.83219519321824,1,"z","",""
"1348",459,1,0.4,1,32,"z",0.882197291102784,1,"z","",""
"1349",460,1,0.4,1,32,"f",-1,4,"z","",""
"1350",461,1,0.4,1,32,"z",0.648861512752887,1,"z","",""
"1351",463,1,0.2,3,33,"r",-1,4,"z","o","b"
"1352",464,1,0.2,3,33,"z",-1,2,"z","o","b"
"1353",465,1,0.2,3,33,"s",0.615448097580838,3,"z","o","b"
"1354",466,1,0.2,3,33,"f",-1,4,"z","o","b"
"1355",467,1,0.2,3,33,"j",0.56545716829055,3,"z","o","b"
"1356",468,1,0.2,3,33,"n",-1,4,"z","o","b"
"1357",469,1,0.2,3,33,"t",-1,4,"z","o","b"
"1358",470,1,0.2,3,33,"y",-1,4,"z","o","b"
"1359",471,1,0.2,3,33,"b",0.565460186829455,1,"z","o","b"
"1360",472,1,0.2,3,33,"z",0.965419919519718,1,"z","o","b"
"1361",473,1,0.2,3,33,"b",0.748730779830453,1,"z","o","b"
"1362",474,1,0.2,3,33,"j",0.798827056130563,3,"z","o","b"
"1363",475,1,0.2,3,33,"m",0.748794169148596,3,"z","o","b"
"1364",477,1,0.6,1,34,"n",-1,4,"o","",""
"1365",478,1,0.6,1,34,"o",0.76546555982884,1,"o","",""
"1366",479,1,0.6,1,34,"o",0.648834345902287,1,"o","",""
"1367",480,1,0.6,1,34,"a",-1,4,"o","",""
"1368",481,1,0.6,1,34,"o",0.765316745857945,1,"o","",""
"1369",482,1,0.6,1,34,"k",-1,4,"o","",""
"1370",483,1,0.6,1,34,"o",0.548864259623315,1,"o","",""
"1371",484,1,0.6,1,34,"t",-1,4,"o","",""
"1372",485,1,0.6,1,34,"o",0.598741993702561,1,"o","",""
"1373",486,1,0.6,1,34,"r",-1,4,"o","",""
"1374",487,1,0.6,1,34,"o",0.982066860034365,1,"o","",""
"1375",488,1,0.6,1,34,"o",0.648729904454058,1,"o","",""
"1376",489,1,0.6,1,34,"o",0.448888739974336,1,"o","",""
"1377",491,1,0.2,2,35,"a",-1,4,"b","o",""
"1378",492,1,0.2,2,35,"i",-1,4,"b","o",""
"1379",493,1,0.2,2,35,"a",-1,4,"b","o",""
"1380",494,1,0.2,2,35,"k",-1,4,"b","o",""
"1381",495,1,0.2,2,35,"j",-1,4,"b","o",""
"1382",496,1,0.2,2,35,"m",-1,4,"b","o",""
"1383",497,1,0.2,2,35,"n",-1,4,"b","o",""
"1384",498,1,0.2,2,35,"o",0.748823448976509,1,"b","o",""
"1385",499,1,0.2,2,35,"o",0.748689727700821,1,"b","o",""
"1386",500,1,0.2,2,35,"j",-1,4,"b","o",""
"1387",501,1,0.2,2,35,"f",-1,4,"b","o",""
"1388",502,1,0.2,2,35,"s",-1,4,"b","o",""
